utility,line_name,voltage_kv,chord_km,route_km
chubu,三重連絡1号線,500.0,5.889,5.8
chubu,三重連絡2号線,500.0,5.889,5.8
chubu,西部幹1号線,500.0,53.398,60.74
chubu,西部幹2号線,500.0,53.398,60.74
chubu,東部幹1号線,500.0,55.366,72.257
chubu,東部幹2号線,500.0,55.366,72.257
chubu,豊根幹1号線,500.0,39.575,42.875
chubu,豊根幹2号線,500.0,39.575,42.875
chubu,東栄幹1号線,500.0,112.04,140.002
chubu,東栄幹2号線,500.0,112.04,140.002
chubu,新三河幹1号線,500.0,29.601,30.285
chubu,新三河幹2号線,500.0,29.601,30.285
chubu,豊根連絡1号線,500.0,154.776,182.469
chubu,豊根連絡2号線,500.0,154.776,182.469
chubu,駿遠幹1号線,500.0,187.646,227.732
chubu,駿遠幹2号線,500.0,187.646,227.732
chubu,静岡幹1号線,500.0,44.158,49.832
chubu,静岡幹2号線,500.0,44.158,49.832
chubu,静岡連絡1号線,500.0,6.054,7.965
chubu,静岡連絡2号線,500.0,6.054,7.965
chubu,電名瀬戸1号線,275.0,14.641,23.688
chubu,電名瀬戸2号線,275.0,14.641,23.688
chubu,愛知瀬戸1号線,275.0,14.727,17.248
chubu,愛知瀬戸2号線,275.0,14.727,17.248
chubu,東部額田1号線,275.0,15.97,19.502
chubu,東部額田2号線,275.0,15.97,19.502
chubu,額田幸田1号線,275.0,13.234,14.484
chubu,額田幸田2号線,275.0,13.234,14.484
chubu,幸田新三河1号線,275.0,24.284,25.337
chubu,幸田新三河2号線,275.0,24.284,25.337
chugoku,中国西幹線1L,500.0,100.704,106.375
chugoku,中国西幹線2L,500.0,100.704,106.375
chugoku,中国中幹線1L,500.0,145.986,152.308
chugoku,中国中幹線2L,500.0,145.986,152.308
chugoku,新山口幹線1L,500.0,67.576,77.317
chugoku,新山口幹線2L,500.0,67.576,77.317
chugoku,東山口幹線1L,500.0,46.129,52.23
chugoku,東山口幹線2L,500.0,46.129,52.23
chugoku,西島根幹線1L,500.0,40.669,46.412
chugoku,西島根幹線2L,500.0,40.669,46.412
chugoku,新西広島幹線1L,500.0,42.306,47.52
chugoku,新西広島幹線2L,500.0,42.306,47.52
chugoku,新広島幹線1L,500.0,71.277,74.138
chugoku,新広島幹線2L,500.0,71.277,74.138
chugoku,新岡山幹線1L,500.0,58.786,61.475
chugoku,新岡山幹線2L,500.0,58.786,61.475
chugoku,日野幹線1L,500.0,54.761,58.005
chugoku,日野幹線2L,500.0,54.761,58.005
chugoku,新小野田火力連絡線,220.0,23.022,37.487
chugoku,新山口連絡線,220.0,19.94,24.253
chugoku,新小野田火力山口線,220.0,13.76,16.224
chugoku,東山口連絡線1L,220.0,8.851,9.036
chugoku,東山口連絡線2L,220.0,8.851,9.036
chugoku,新広島連絡線1L,220.0,16.632,17.329
chugoku,新広島連絡線2L,220.0,16.632,17.329
chugoku,新倉敷連絡線2L,220.0,41.897,48.04
chugoku,岡山幹線1L,220.0,23.298,28.217
chugoku,岡山幹線2L,220.0,23.298,28.217
chugoku,東岡山連絡線1L,220.0,21.309,25.466
chugoku,東岡山連絡線2L,220.0,21.309,25.466
chugoku,河原線2L,66.0,7.452,17.894
chugoku,新岡山連絡線1L,220.0,18.14,19.015
chugoku,新岡山連絡線2L,220.0,18.14,19.015
chugoku,井原連絡線1L,220.0,18.14,19.015
chugoku,井原連絡線2L,220.0,18.14,19.015
chugoku,笠岡幹線,220.0,14.624,14.432
chugoku,笠岡幹線,220.0,14.624,14.432
chugoku,東岡山西大寺線1L,110.0,25.3,29.449
chugoku,東岡山西大寺線2L,110.0,25.3,29.449
chugoku,玉島水島線1L,110.0,3.712,4.091
chugoku,玉島水島線2L,110.0,3.712,4.091
chugoku,玉島笠岡線1L,110.0,15.648,15.998
chugoku,玉島笠岡線2L,110.0,15.648,15.998
chugoku,黒瀬幹線1L,220.0,20.305,21.365
chugoku,黒瀬幹線2L,220.0,20.305,21.365
chugoku,呉連絡線1L,110.0,8.396,8.573
chugoku,呉連絡線2L,110.0,8.396,8.573
chugoku,山口連絡線1L,110.0,9.815,9.761
chugoku,山口連絡線2L,110.0,9.815,9.761
chugoku,西宇部小野田線1L,110.0,7.171,9.027
chugoku,西宇部小野田線2L,110.0,7.171,9.027
chugoku,山口小郡線1L,110.0,11.314,17.057
chugoku,山口小郡線2L,110.0,11.314,17.057
chugoku,徳山連絡線1L,110.0,7.452,7.531
chugoku,徳山連絡線2L,110.0,7.452,7.531
chugoku,下松線1L,66.0,8.233,9.359
chugoku,下松線2L,66.0,8.233,9.359
chugoku,光井線1L,66.0,8.884,17.709
chugoku,光井線2L,66.0,8.884,17.709
hokkaido,道央北幹線1L,275.0,27.011,31.96
hokkaido,道央北幹線2L,275.0,27.011,31.96
hokkaido,道央西幹線1L,275.0,37.497,40.497
hokkaido,道央西幹線2L,275.0,37.497,40.497
hokkaido,道央南幹線1L,275.0,61.038,73.16
hokkaido,道央南幹線2L,275.0,61.038,73.16
hokkaido,道央東幹線1L,275.0,63.817,82.836
hokkaido,道央東幹線2L,275.0,63.817,82.836
hokkaido,篠路線1L,187.0,12.323,15.537
hokkaido,篠路線2L,187.0,12.323,15.537
hokkaido,西札幌線1L,187.0,7.659,8.354
hokkaido,西札幌線2L,187.0,7.659,8.354
hokkaido,室蘭西幹線1L,187.0,8.671,9.726
hokkaido,室蘭西幹線2L,187.0,8.671,9.726
hokkaido,室蘭西幹線1L,187.0,38.164,41.19
hokkaido,室蘭西幹線2L,187.0,38.164,41.19
hokkaido,室蘭西幹線1L,187.0,38.13,44.837
hokkaido,室蘭西幹線2L,187.0,38.13,44.837
hokkaido,室蘭西幹線1L,187.0,4.519,4.53
hokkaido,室蘭西幹線2L,187.0,4.519,4.53
hokkaido,双葉幹線1L,187.0,44.379,52.282
hokkaido,双葉幹線2L,187.0,44.379,52.282
hokkaido,室蘭東幹線1L,187.0,51.888,61.174
hokkaido,室蘭東幹線2L,187.0,51.888,61.174
hokkaido,勇払線1L,187.0,20.367,24.8
hokkaido,他社線1L,187.0,18.017,17.453
hokkaido,他社線2L,187.0,18.017,17.453
hokkaido,南札幌幹線1L,187.0,14.472,15.081
hokkaido,南札幌幹線2L,187.0,14.472,15.081
hokkaido,北江別線1L,187.0,14.34,20.374
hokkaido,北江別線2L,187.0,14.34,20.374
hokkaido,道南幹線1L,275.0,99.755,171.913
hokkaido,道南幹線2L,275.0,99.755,171.913
hokkaido,道北幹線1L,187.0,93.029,123.084
hokkaido,道北幹線2L,187.0,93.029,123.084
hokkaido,名寄幹線1L,187.0,3.548,3.38
hokkaido,名寄幹線2L,187.0,3.548,3.38
hokkaido,狩勝幹線1L,275.0,104.083,113.64
hokkaido,狩勝幹線2L,275.0,104.083,113.64
hokkaido,日勝幹線2L,187.0,68.933,80.336
hokkaido,日高幹線,187.0,64.406,73.905
hokkaido,道東幹線1L,187.0,102.024,109.388
hokkaido,道東幹線2L,187.0,102.024,109.388
hokkaido,緑ヶ岡線1L,66.0,3.992,3.866
hokkaido,緑ヶ岡線2L,66.0,3.992,3.866
hokkaido,別保線1L,66.0,1.669,1.67
hokkaido,別保線2L,66.0,1.669,1.67
hokkaido,昭和地中線1L,66.0,2.739,2.809
hokkaido,昭和地中線2L,66.0,2.739,2.809
hokkaido,東雲西地中線,66.0,3.605,3.328
hokkaido,中の橋地中線1L,66.0,1.547,1.547
hokkaido,中の橋地中線2L,66.0,1.547,1.547
hokkaido,東雲地中線,66.0,2.092,2.092
hokuriku,能登幹線1L,500.0,55.902,60.559
hokuriku,能登幹線2L,500.0,55.902,60.559
hokuriku,能越幹線1L,500.0,55.218,68.48
hokuriku,能越幹線2L,500.0,55.218,68.48
hokuriku,加賀福光線1L,500.0,8.926,12.323
hokuriku,加賀福光線2L,500.0,8.926,12.323
hokuriku,加賀幹線1L,500.0,62.727,62.956
hokuriku,加賀幹線2L,500.0,62.727,62.956
hokuriku,加賀東金津線1L,275.0,54.358,64.041
hokuriku,加賀東金津線2L,275.0,54.358,64.041
hokuriku,南福岡線1L,154.0,7.476,22.073
hokuriku,南福岡線2L,154.0,7.476,22.073
kansai,播磨線1L,500.0,62.945,75.586
kansai,播磨線2L,500.0,62.945,75.586
kansai,東播線1L,500.0,22.207,25.718
kansai,東播線2L,500.0,22.207,25.718
kansai,丹波線1L,500.0,32.109,37.862
kansai,丹波線2L,500.0,32.109,37.862
kansai,能勢線1L,500.0,12.591,14.191
kansai,能勢線2L,500.0,12.591,14.191
kansai,北河内線1L,500.0,27.55,27.155
kansai,北河内線2L,500.0,27.55,27.155
kansai,南近江線1L,500.0,66.249,69.436
kansai,南近江線2L,500.0,66.249,69.436
kansai,山城北線1L,500.0,37.951,51.941
kansai,山城北線2L,500.0,37.951,51.941
kansai,山城東線1L,500.0,44.206,45.882
kansai,山城東線2L,500.0,44.206,45.882
kansai,播磨中央線1L,500.0,80.685,90.904
kansai,播磨中央線2L,500.0,80.685,90.904
kansai,播磨西線1L,500.0,27.555,39.538
kansai,播磨西線2L,500.0,27.555,39.538
kansai,新綾部線1L,500.0,53.293,59.352
kansai,新綾部線2L,500.0,53.293,59.352
kansai,若狭幹線（山）1L,500.0,55.293,57.934
kansai,若狭幹線（山）2L,500.0,55.293,57.934
kansai,北近江線1L,500.0,59.03,91.334
kansai,北近江線2L,500.0,59.03,91.334
kansai,丹後幹線1L,500.0,41.464,42.932
kansai,丹後幹線2L,500.0,41.464,42.932
kansai,若狭幹線（里）1L,500.0,18.767,19.21
kansai,若狭幹線（里）2L,500.0,18.767,19.21
kansai,南大和線1L,500.0,45.014,48.336
kansai,南大和線2L,500.0,45.014,48.336
kansai,北大和線1L,500.0,46.365,48.682
kansai,北大和線2L,500.0,46.365,48.682
kansai,山城南線1L,500.0,22.12,23.909
kansai,山城南線2L,500.0,22.12,23.909
kansai,北和泉線1L,500.0,22.311,25.814
kansai,北和泉線2L,500.0,22.311,25.814
kansai,南和泉線1L,500.0,31.322,33.74
kansai,南和泉線2L,500.0,31.322,33.74
kansai,信貴線1L,500.0,16.445,20.204
kansai,信貴線2L,500.0,16.445,20.204
kansai,金剛線1L,500.0,22.444,25.512
kansai,金剛線2L,500.0,22.444,25.512
kansai,紀北線1L,500.0,15.347,15.484
kansai,紀北線2L,500.0,15.347,15.484
kansai,信貴八尾線1L,154.0,3.78,4.398
kansai,信貴八尾線2L,154.0,3.78,4.398
kansai,西播東岡山線1L,500.0,36.714,42.207
kansai,西播東岡山線2L,500.0,36.714,42.207
kyushu,新大分連絡線１Ｌ,220.0,1.422,1.422
kyushu,新大分連絡線２Ｌ,220.0,1.422,1.422
kyushu,□□□□線１Ｌ,220.0,14.604,21.702
kyushu,□□□□線２Ｌ,220.0,14.604,21.702
kyushu,北九州東福岡線１Ｌ,220.0,38.031,42.369
kyushu,北九州東福岡線２Ｌ,220.0,38.031,42.369
kyushu,北九州東福岡線１Ｌ,220.0,38.031,42.369
kyushu,北九州東福岡線２Ｌ,220.0,38.031,42.369
kyushu,北九州東福岡線１Ｌ,220.0,38.031,42.369
kyushu,北九州東福岡線２Ｌ,220.0,38.031,42.369
kyushu,日向幹線１Ｌ,500.0,103.365,123.453
kyushu,日向幹線２Ｌ,500.0,103.365,123.453
okinawa,友寄幹線1号,132.0,8.732,8.51
okinawa,友寄幹線2号,132.0,8.732,8.51
okinawa,那覇幹線1号,132.0,2.454,2.656
okinawa,那覇幹線2号,132.0,2.454,2.656
okinawa,吉の浦火力線1号,132.0,7.009,7.82
okinawa,吉の浦火力線2号,132.0,7.009,7.82
okinawa,渡口幹線1号,132.0,3.12,5.908
okinawa,渡口幹線2号,132.0,3.12,5.908
okinawa,西那覇友寄幹線1号,132.0,7.283,8.93
okinawa,西那覇友寄幹線2号,132.0,7.283,8.93
okinawa,友寄南風原線,66.0,2.192,2.373
okinawa,南風原線,66.0,2.91,2.924
shikoku,四国中央中幹線１Ｌ,500.0,46.221,49.605
shikoku,四国中央中幹線２Ｌ,500.0,46.221,49.605
shikoku,四国中央東幹線１Ｌ,500.0,57.035,62.351
shikoku,四国中央東幹線２Ｌ,500.0,57.035,62.351
shikoku,阿波幹線１Ｌ,500.0,45.693,51.733
shikoku,阿波幹線２Ｌ,500.0,45.693,51.733
shikoku,松山幹線１Ｌ,187.0,12.432,17.272
shikoku,松山幹線２Ｌ,187.0,12.432,17.272
shikoku,松山西線１Ｌ,187.0,7.462,9.062
shikoku,松山西線２Ｌ,187.0,7.462,9.062
shikoku,松山東線１Ｌ,187.0,42.147,47.55
shikoku,松山東線２Ｌ,187.0,42.147,47.55
shikoku,川内幹線１Ｌ,187.0,30.337,34.328
shikoku,川内幹線２Ｌ,187.0,30.337,34.328
shikoku,西条線１Ｌ,187.0,16.188,17.386
shikoku,西条線２Ｌ,187.0,16.188,17.386
shikoku,新改高知線１Ｌ,187.0,21.254,21.372
shikoku,新改高知線２Ｌ,187.0,21.254,21.372
shikoku,新改幹線１Ｌ,187.0,47.879,52.991
shikoku,新改幹線２Ｌ,187.0,47.879,52.991
shikoku,三島西線１Ｌ,187.0,15.477,24.62
shikoku,三島西線２Ｌ,187.0,15.477,24.62
shikoku,三島東線１Ｌ,187.0,31.327,36.447
shikoku,三島東線２Ｌ,187.0,31.327,36.447
shikoku,吉野川線１Ｌ,187.0,15.803,18.67
shikoku,吉野川線２Ｌ,187.0,15.803,18.67
shikoku,讃岐坂出線１Ｌ,187.0,22.035,24.444
shikoku,讃岐坂出線２Ｌ,187.0,22.035,24.444
shikoku,坂出火力線１Ｌ,187.0,19.391,23.684
shikoku,坂出火力線２Ｌ,187.0,19.391,23.684
shikoku,香川線１Ｌ,187.0,8.136,10.162
shikoku,香川線２Ｌ,187.0,8.136,10.162
shikoku,阿波鳴門線１Ｌ,187.0,22.792,24.889
shikoku,阿波鳴門線２Ｌ,187.0,22.792,24.889
shikoku,阿波国府線１Ｌ,187.0,8.863,11.585
shikoku,阿波国府線２Ｌ,187.0,8.863,11.585
shikoku,阿南火力線１Ｌ,187.0,26.656,29.678
shikoku,阿南火力線２Ｌ,187.0,26.656,29.678
shikoku,阿南幹線１Ｌ,187.0,72.394,79.686
shikoku,阿南幹線２Ｌ,187.0,72.394,79.686
tohoku,十和田幹線,500.0,97.733,103.182
tohoku,北上幹線,500.0,147.173,155.163
tohoku,常磐幹線,500.0,84.29,100.032
tohoku,北青幹線,275.0,38.696,41.972
tohoku,北奥幹線,275.0,87.259,103.006
tohoku,岩手幹線,275.0,31.581,36.84
tohoku,秋盛幹線,275.0,73.283,82.786
tohoku,水沢幹線,275.0,60.292,71.387
tohoku,大潟幹線,275.0,38.873,42.497
tohoku,秋田幹線,275.0,77.358,84.859
tohoku,奥羽幹線,275.0,72.507,81.788
tohoku,陸羽幹線,275.0,53.088,59.59
tohoku,鳴瀬幹線,275.0,36.511,43.415
tohoku,宮城幹線,275.0,32.264,34.781
tohoku,仙台幹線,275.0,24.125,26.105
tohoku,蔵王幹線,275.0,63.834,82.274
tohoku,山形幹線,275.0,47.636,52.179
tohoku,東北幹線,275.0,71.31,77.719
tohoku,飯豊幹線,275.0,77.758,91.624
tohoku,新潟幹線,275.0,39.004,50.402
tohoku,北新幹線,275.0,15.02,22.041
tohoku,五頭幹線,275.0,23.039,29.234
tohoku,中越幹線,275.0,55.559,67.73
tohoku,名取幹線,275.0,20.664,22.391
tohoku,青森線,154.0,38.696,41.972
tohoku,上北線,154.0,38.955,43.206
tohoku,南八戸線,154.0,11.461,13.428
tohoku,西八戸線,154.0,12.933,15.233
tohoku,津軽線,154.0,25.601,31.574
tohoku,南津軽線,154.0,40.638,43.361
tohoku,岩盛線,154.0,25.516,27.522
tohoku,羽中線,154.0,56.596,67.199
tohoku,盛岡線,154.0,38.586,42.227
tohoku,栗駒線,154.0,83.308,100.059
tohoku,室根線,154.0,37.006,39.651
tohoku,氷上線,154.0,44.539,51.302
tohoku,大船渡線,154.0,26.835,30.336
tohoku,北秋Ａ，Ｂ線,154.0,62.751,66.413
tohoku,南秋Ａ線,154.0,19.247,19.654
tohoku,南秋Ｂ線,154.0,19.247,19.654
tohoku,由利Ａ，Ｂ線,154.0,51.682,52.574
tohoku,河南線,154.0,1.755,1.762
tohoku,仙台港西線,154.0,8.856,9.79
tohoku,五港線,154.0,10.075,15.884
tohoku,南仙台線,154.0,10.844,10.324
tohoku,中五線,154.0,1.569,1.569
tohoku,中仙台線,154.0,5.755,5.757
tohoku,新庄線,154.0,47.636,52.179
tohoku,西山形線,154.0,8.969,11.18
tohoku,郡山Ａ線,154.0,8.605,9.26
tohoku,宇津峰線,154.0,52.894,56.175
tohoku,平線,154.0,8.07,10.82
tohoku,北新潟線,154.0,28.299,34.224
tohoku,北中線,154.0,18.181,20.416
tohoku,中西線,154.0,25.308,28.186
tohoku,中新潟線,154.0,25.308,28.409
tohoku,南新潟線,154.0,32.572,43.718
tohoku,西羽中線,154.0,33.493,42.609
tohoku,北上東線,154.0,16.459,19.371
tohoku,愛島郡山線,154.0,6.943,6.916
tohoku,中山線,154.0,3.619,5.259
tohoku,長命線,154.0,68.731,77.08
tohoku,秋根線,154.0,16.462,16.584
tohoku,根白石線,154.0,2.052,2.052
tohoku,西仙台線,154.0,9.119,9.932
tohoku,愛子線,154.0,7.018,10.322
tohoku,高森線,154.0,3.081,3.338
tohoku,明通線,154.0,5.231,6.246
tohoku,仙台泉線,154.0,72.339,76.167
tokyo,川内線1L,500.0,27.637,29.946
tokyo,川内線2L,500.0,27.637,29.946
tokyo,福島幹線(山)1L,500.0,187.639,230.486
tokyo,福島幹線(山)2L,500.0,187.639,230.486
tokyo,福島東幹線(山)1L,500.0,187.639,230.486
tokyo,福島東幹線(山)2L,500.0,187.639,230.486
tokyo,新いわき線1L,500.0,92.455,109.36
tokyo,新いわき線2L,500.0,92.455,109.36
tokyo,福島幹線(中)1L,500.0,85.549,88.936
tokyo,福島幹線(中)2L,500.0,85.549,88.936
tokyo,福島東幹線(里)1L,500.0,130.788,137.573
tokyo,福島東幹線(里)2L,500.0,130.788,137.573
tokyo,新茂木線1L,500.0,25.634,27.134
tokyo,新茂木線2L,500.0,25.634,27.134
tokyo,福島幹線(里)1L,500.0,55.658,61.491
tokyo,福島幹線(里)2L,500.0,55.658,61.491
tokyo,中栃木線1L,500.0,9.922,11.322
tokyo,中栃木線2L,500.0,9.922,11.322
tokyo,新栃木線1L,500.0,65.828,74.802
tokyo,新栃木線2L,500.0,65.828,74.802
tokyo,新袖ヶ浦線1L,500.0,69.984,79.503
tokyo,新袖ヶ浦線2L,500.0,69.984,79.503
tokyo,房総線1L,500.0,32.475,31.153
tokyo,房総線2L,500.0,32.475,31.153
tokyo,印旛線1L,500.0,36.322,43.276
tokyo,印旛線2L,500.0,36.322,43.276
tokyo,新佐原線1L,500.0,60.07,66.266
tokyo,新佐原線2L,500.0,60.07,66.266
tokyo,新筑波線1L,500.0,19.509,26.142
tokyo,新筑波線2L,500.0,19.509,26.142
tokyo,東群馬幹線1L,500.0,37.957,43.6
tokyo,東群馬幹線2L,500.0,37.957,43.6
tokyo,新赤城線1L,500.0,29.083,30.258
tokyo,新赤城線2L,500.0,29.083,30.258
tokyo,新新田線1L,500.0,14.425,15.892
tokyo,新新田線2L,500.0,14.425,15.892
tokyo,新坂戸線1L,500.0,42.171,42.833
tokyo,新坂戸線2L,500.0,42.171,42.833
tokyo,新岡部線1L,500.0,32.461,34.55
tokyo,新岡部線2L,500.0,32.461,34.55
tokyo,西群馬幹線1L,500.0,139.737,165.877
tokyo,西群馬幹線2L,500.0,114.77,136.487
tokyo,西群馬幹線2L,500.0,28.35,29.432
tokyo,新吾妻線1L,500.0,8.783,8.994
tokyo,新吾妻線2L,500.0,8.783,8.994
tokyo,西上武幹線1L,500.0,92.478,107.172
tokyo,西上武幹線2L,500.0,92.478,107.172
tokyo,新榛名線1L,500.0,58.204,67.61
tokyo,新榛名線2L,500.0,58.204,67.61
tokyo,新秦野線1L,500.0,24.053,25.306
tokyo,新秦野線2L,500.0,24.053,25.306
tokyo,新多摩線1L,500.0,34.967,39.435
tokyo,新多摩線2L,500.0,34.967,39.435
tokyo,新秩父線1L,500.0,43.597,48.129
tokyo,新秩父線2L,500.0,43.597,48.129
tokyo,那珂線1L,275.0,26.643,27.664
tokyo,那珂線2L,275.0,26.643,27.664
tokyo,君津線1L,275.0,21.402,22.698
tokyo,君津線2L,275.0,21.402,22.698
tokyo,北千葉線1L,275.0,8.072,8.482
tokyo,北千葉線2L,275.0,8.072,8.482
tokyo,東富士線1L,154.0,27.116,31.833
tokyo,東富士線2L,154.0,27.116,31.833
tokyo,東富士線3L,154.0,27.116,31.833
tokyo,東富士線4L,154.0,27.116,31.833
