area,hour,n,mean_solar_mwh,max_solar_mwh
chubu,0,2038,0.0,0.0
chubu,1,2038,0.0,0.0
chubu,2,2038,0.0,0.0
chubu,3,2038,0.0,0.0
chubu,4,2038,1.2,88.0
chubu,5,2038,64.7,892.0
chubu,6,2038,543.1,3114.0
chubu,7,2038,1776.6,5582.0
chubu,8,2038,3450.0,7740.0
chubu,9,2038,4865.7,9240.0
chubu,10,2038,5761.7,10078.0
chubu,11,2038,6109.3,10320.0
chubu,12,2038,5989.4,10272.0
chubu,13,2038,5408.2,9832.0
chubu,14,2038,4352.4,8748.0
chubu,15,2038,2870.2,6954.0
chubu,16,2038,1323.5,4616.0
chubu,17,2038,344.0,2122.0
chubu,18,2038,30.1,494.0
chubu,19,2038,0.0,0.0
chubu,20,2038,0.0,0.0
chubu,21,2038,0.0,0.0
chubu,22,2038,0.0,0.0
chubu,23,2038,0.0,0.0
chugoku,0,5928,0.0,0.0
chugoku,1,5928,0.0,0.0
chugoku,2,5928,0.0,0.0
chugoku,3,5928,0.0,0.0
chugoku,4,5928,0.0,1.0
chugoku,5,5928,20.5,197.0
chugoku,6,5928,193.1,1070.0
chugoku,7,5928,699.8,2322.0
chugoku,8,5928,1497.7,3472.0
chugoku,9,5928,2242.4,4344.0
chugoku,10,5928,2744.0,4943.0
chugoku,11,5928,2961.2,5286.0
chugoku,12,5928,2923.4,5298.0
chugoku,13,5928,2765.0,5084.0
chugoku,14,5928,2378.7,4507.0
chugoku,15,5928,1761.3,3697.0
chugoku,16,5928,993.8,2667.0
chugoku,17,5928,339.9,1372.0
chugoku,18,5928,54.4,384.0
chugoku,19,5928,0.5,12.0
chugoku,20,5928,0.0,0.0
chugoku,21,5928,0.0,0.0
chugoku,22,5928,0.0,0.0
chugoku,23,5928,0.0,0.0
hokkaido,0,1682,0.0,10.0
hokkaido,1,1682,0.0,10.0
hokkaido,2,1682,0.0,10.0
hokkaido,3,1682,0.1,10.0
hokkaido,4,1682,18.3,203.0
hokkaido,5,1682,107.6,622.0
hokkaido,6,1682,274.2,1029.0
hokkaido,7,1682,553.4,1452.0
hokkaido,8,1682,866.3,1877.0
hokkaido,9,1682,1107.7,2109.0
hokkaido,10,1682,1248.9,2226.0
hokkaido,11,1682,1273.8,2235.0
hokkaido,12,1682,1193.6,2164.0
hokkaido,13,1682,1021.5,1984.0
hokkaido,14,1682,762.3,1676.0
hokkaido,15,1682,456.4,1222.0
hokkaido,16,1682,218.1,843.0
hokkaido,17,1682,64.7,421.0
hokkaido,18,1682,5.9,73.0
hokkaido,19,1682,0.2,11.0
hokkaido,20,1682,0.1,10.0
hokkaido,21,1682,0.0,10.0
hokkaido,22,1682,0.0,10.0
hokkaido,23,1682,0.0,10.0
hokuriku,0,1280,0.0,0.0
hokuriku,1,1280,0.0,0.0
hokuriku,2,1280,0.0,0.0
hokuriku,3,1280,0.0,0.0
hokuriku,4,1280,0.8,12.0
hokuriku,5,1280,14.5,127.0
hokuriku,6,1280,76.0,377.0
hokuriku,7,1280,200.0,659.0
hokuriku,8,1280,362.1,931.0
hokuriku,9,1280,512.3,1129.0
hokuriku,10,1280,619.9,1231.0
hokuriku,11,1280,667.5,1260.0
hokuriku,12,1280,665.3,1247.0
hokuriku,13,1280,606.9,1210.0
hokuriku,14,1280,496.2,1103.0
hokuriku,15,1280,342.8,883.0
hokuriku,16,1280,188.8,632.0
hokuriku,17,1280,72.6,336.0
hokuriku,18,1280,14.6,112.0
hokuriku,19,1280,0.8,7.0
hokuriku,20,1280,0.5,2.0
hokuriku,21,1280,0.0,0.0
hokuriku,22,1280,0.0,0.0
hokuriku,23,1280,0.0,0.0
kansai,0,5148,0.0,0.0
kansai,1,5148,0.0,0.0
kansai,2,5148,0.0,0.0
kansai,3,5148,0.0,0.0
kansai,4,5148,0.0,1.0
kansai,5,5148,32.1,219.0
kansai,6,5148,267.1,1123.0
kansai,7,5148,876.7,2522.0
kansai,8,5148,1815.3,3913.0
kansai,9,5148,2673.1,4962.0
kansai,10,5148,3246.0,5542.0
kansai,11,5148,3488.3,5864.0
kansai,12,5148,3417.3,5839.0
kansai,13,5148,3097.2,5519.0
kansai,14,5148,2506.1,4823.0
kansai,15,5148,1690.3,3710.0
kansai,16,5148,824.0,2387.0
kansai,17,5148,250.7,1113.0
kansai,18,5148,33.3,240.0
kansai,19,5148,0.1,1.0
kansai,20,5148,0.0,0.0
kansai,21,5148,0.0,0.0
kansai,22,5148,0.0,0.0
kansai,23,5148,0.0,0.0
kyushu,0,912,0.0,0.0
kyushu,1,912,0.0,0.0
kyushu,2,912,0.0,0.0
kyushu,3,912,0.0,0.0
kyushu,4,912,0.0,0.0
kyushu,5,912,10.6,145.0
kyushu,6,912,193.6,1313.0
kyushu,7,912,901.4,3503.0
kyushu,8,912,2171.5,5235.0
kyushu,9,912,3500.6,6882.0
kyushu,10,912,4447.0,8073.0
kyushu,11,912,4907.5,8837.0
kyushu,12,912,4922.9,9134.0
kyushu,13,912,4709.7,8911.0
kyushu,14,912,4148.3,8187.0
kyushu,15,912,3151.7,6684.0
kyushu,16,912,1850.5,4648.0
kyushu,17,912,676.4,2682.0
kyushu,18,912,123.6,807.0
kyushu,19,912,4.0,62.0
kyushu,20,912,0.0,0.0
kyushu,21,912,0.0,0.0
kyushu,22,912,0.0,0.0
kyushu,23,912,0.0,0.0
okinawa,0,1648,0.0,0.0
okinawa,1,1648,0.0,0.0
okinawa,2,1648,0.0,0.0
okinawa,3,1648,0.0,0.0
okinawa,4,1648,0.0,0.0
okinawa,5,1648,0.1,3.0
okinawa,6,1648,4.9,42.0
okinawa,7,1648,29.6,116.0
okinawa,8,1648,76.0,191.0
okinawa,9,1648,124.5,261.0
okinawa,10,1648,164.3,310.0
okinawa,11,1648,186.0,340.0
okinawa,12,1648,192.8,339.0
okinawa,13,1647,184.2,335.0
okinawa,14,1646,161.2,311.0
okinawa,15,1646,124.4,260.0
okinawa,16,1646,77.6,185.0
okinawa,17,1643,32.0,113.0
okinawa,18,1640,6.0,45.0
okinawa,19,1640,0.2,4.0
okinawa,20,1640,0.0,0.0
okinawa,21,1640,0.0,0.0
okinawa,22,1640,0.0,0.0
okinawa,23,1640,0.0,0.0
shikoku,0,1590,0.0,4.0
shikoku,1,1590,0.0,0.0
shikoku,2,1590,0.0,0.0
shikoku,3,1590,0.0,0.0
shikoku,4,1590,0.0,0.0
shikoku,5,1590,16.8,238.0
shikoku,6,1590,138.4,786.0
shikoku,7,1590,432.0,1448.0
shikoku,8,1590,837.8,2046.0
shikoku,9,1590,1202.3,2430.0
shikoku,10,1590,1446.3,2618.0
shikoku,11,1590,1549.1,2686.0
shikoku,12,1590,1527.9,2674.0
shikoku,13,1590,1424.3,2634.0
shikoku,14,1590,1207.3,2444.0
shikoku,15,1590,868.5,2038.0
shikoku,16,1590,481.7,1468.0
shikoku,17,1586,171.4,850.0
shikoku,18,1582,27.1,298.0
shikoku,19,1582,0.4,6.0
shikoku,20,1582,0.0,2.0
shikoku,21,1582,0.0,2.0
shikoku,22,1582,0.0,2.0
shikoku,23,1582,0.0,2.0
tepco,0,2,0.0,0.0
tepco,1,2,0.0,0.0
tepco,2,2,0.0,0.0
tepco,3,2,0.0,0.0
tepco,4,2,0.0,0.0
tepco,5,2,277.5,483.0
tepco,6,2,1880.5,2504.0
tepco,7,2,4960.5,5844.0
tepco,8,2,8087.5,8708.0
tepco,9,2,9934.5,10298.0
tepco,10,2,11364.0,11670.0
tepco,11,2,11543.5,11714.0
tepco,12,2,10814.0,10956.0
tepco,13,2,9878.5,10267.0
tepco,14,2,8081.0,8406.0
tepco,15,2,6207.0,6770.0
tepco,16,2,3739.5,4397.0
tepco,17,1,1810.0,1810.0
tohoku,0,1762,0.0,0.0
tohoku,1,1762,0.0,0.0
tohoku,2,1762,0.0,0.0
tohoku,3,1762,0.0,0.0
tohoku,4,1762,13.0,191.0
tohoku,5,1762,163.5,1011.0
tohoku,6,1762,691.9,3037.0
tohoku,7,1762,1653.6,4995.0
tohoku,8,1762,2729.5,6613.0
tohoku,9,1762,3605.9,7766.0
tohoku,10,1762,4109.2,7825.0
tohoku,11,1762,4242.6,7833.0
tohoku,12,1762,4072.3,7480.0
tohoku,13,1762,3648.6,7270.0
tohoku,14,1762,2899.8,6538.0
tohoku,15,1762,1863.0,5023.0
tohoku,16,1762,877.5,3147.0
tohoku,17,1762,248.6,1329.0
tohoku,18,1762,31.8,345.0
tohoku,19,1762,0.0,2.0
tohoku,20,1762,0.0,0.0
tohoku,21,1762,0.0,0.0
tohoku,22,1762,0.0,0.0
tohoku,23,1762,0.0,0.0
