verdict,region,site_id,aliases,name,osm,db_levels,ladder_pairs,observed_pairs,skipped_pairs,observed_transformers,nameplate_site
ladder_skips,kansai,kansai_site_cf0cea62d5f7,,東大阪変電所,https://www.openstreetmap.org/way/158522649,275/154/77,275/154 154/77,275/154 275/77,275/77,n11032237949 n11032237968 n11032237969 n11032237970 n2919743001,True
ladder_skips,chubu,chubu_site_37255462c412,kansai_site_37255462c412,西濃変電所,https://www.openstreetmap.org/way/161948515,275/154/77,275/154 154/77,275/154 275/77,275/77,n2218699610 n2218699611 n2218699612 n2228703317,False
ladder_skips,chubu,chubu_site_f07b955bacfd,,駿遠変電所,https://www.openstreetmap.org/way/170503689,500/275/154/77,500/275 275/154 154/77,275/154 275/77,275/77,n12306469039 n2594355049 n2594355056 n2594355059 n2594355066 n2594355069 n2594355074 n2594355077 n2594355082,False
ladder_skips,chugoku,chugoku_site_10ddf357233c,kyushu_site_10ddf357233c,安瀬変電所,https://www.openstreetmap.org/way/764464484,66/22/6,66/22 22/6,66/22 66/6,66/6,n13822971951 n13822971952 n13822971953 n7141748238,False
ladder_skips,chugoku,chugoku_site_7f5085731b83,,東岡山変電所,https://www.openstreetmap.org/way/241822623,500/220/110/66,500/220 220/110 110/66,500/220 500/110,500/110,n2494122440 n3241346611 n3241373513,False
ladder_skips,chugoku,chugoku_site_c608dbc9bd34,,米子変電所,https://www.openstreetmap.org/way/317525048,115/110/66,115/110 110/66,115/66 110/66,115/66,n13122827082 n13122827083,False
ladder_skips,chugoku,chugoku_site_a72b0f6d433d,kyushu_site_a72b0f6d433d,西谷変電所,https://www.openstreetmap.org/way/239024744,220/110/66,220/110 110/66,220/110 220/66,220/66,n3000173939 n3000173943,False
ladder_skips,hokkaido,hokkaido_site_5118153199e5,,名寄変電所,https://www.openstreetmap.org/way/1531830511,100/22/6,100/22 22/6,100/22 100/6,100/6,n13961429287 n13961429288 n13961429289 n13961429290 n13961438828 n13961438829 n13961438830 n13961438831,False
ladder_skips,hokkaido,hokkaido_site_6bfd0a580d1f,,太平洋興発変電所,https://www.openstreetmap.org/way/186044162,66/33/22,66/33 33/22,66/22,66/22,n13580067363 n13580067364 n13580067365 n13580067366 n13580067367 n13580067368,False
ladder_skips,hokkaido,hokkaido_site_8f61d4f514ec,,幌延変電所,https://www.openstreetmap.org/way/1531581957,100/33/6,100/33 33/6,100/33 100/6,100/6,n13959452967 n13959452983 n13959453008,False
ladder_skips,hokkaido,hokkaido_site_53cb631fee53,,稚内西変電所,https://www.openstreetmap.org/way/182401459,100/33/6,100/33 33/6,100/33 100/6,100/6,n13918051427 n13918051428,False
ladder_skips,kansai,kansai_site_29741ec14455,,北大阪変電所,https://www.openstreetmap.org/way/110847002,275/154/77,275/154 154/77,275/154 275/77,275/77,n8963185607 n8963185610 n8963185613 n8963185616 n8963199819 n8963199822,False
ladder_skips,kansai,kansai_site_84fe8a4d1070,,南京都変電所,https://www.openstreetmap.org/way/161870227,500/275/154,500/275 275/154,500/275 500/154,500/154,n9248302466 n9248302467 n9248302468 n9248302469 n9248302470 n9248302471,False
ladder_skips,kansai,kansai_site_64a1c3b05d7e,,淀川変電所,https://www.openstreetmap.org/way/170693194,500/275/154/77,500/275 275/154 154/77,275/154 275/77,275/77,n8963185543 n8963185546 n8963185549 n8963185552 n8963185559 n8963185566 n8963185570 n8963185573,False
ladder_skips,kansai,kansai_site_dc12693f672b,,猪名川変電所,https://www.openstreetmap.org/way/110682956,500/275/154,500/275 275/154,500/275 500/154,500/154,n2919990104 n2919990306 n2919990603 n2919992501,False
ladder_skips,kansai,kansai_site_cb54df6bdfe6,,西京都変電所,https://www.openstreetmap.org/way/169031921,500/275/154,500/275 275/154,500/275 500/154,500/154,n2021252552 n2021252564 n2021252575 n2021252579 n2021252582,False
ladder_skips,kyushu,kyushu_site_e0778899c636,,九州電力 木佐木変電所,https://www.openstreetmap.org/way/174915836,220/110/66,220/110 110/66,220/66,220/66,n4077038238 n4077038242 n4077038250,False
ladder_skips,kyushu,kyushu_site_f8a4c238ccb7,,大隅変電所,https://www.openstreetmap.org/way/373882198,220/110/66,220/110 110/66,220/66 110/66,220/66,n5333282277 n7834258424 n7834258425 n7834258427,False
ladder_skips,kyushu,kyushu_site_227d994a67c6,,日田変電所,https://www.openstreetmap.org/way/182188317,220/110/66,220/110 110/66,220/110 220/66 110/66,220/66,n4075866920 n4075866925,False
ladder_skips,kyushu,kyushu_site_8d641d554ea2,,都城変電所,https://www.openstreetmap.org/way/373876262,220/110/66,220/110 110/66,220/66,220/66,n4078571589 n4078571591,False
ladder_skips,kyushu,kyushu_site_9554180bbc36,,鳥栖変電所,https://www.openstreetmap.org/way/173793392,220/110/66,220/110 110/66,220/66,220/66,n4072436736 n4072436744 n4072436753,False
ladder_skips,tohoku,tohoku_site_bc2c2ea61057,,南津軽変電所,https://www.openstreetmap.org/way/716660669,154/66/33,154/66 66/33,154/66 154/33 66/33,154/33,n7483570516 n7483570532 n7483570536,False
ladder_skips,tohoku,tohoku_site_3df1b28eef12,,大堀変電所,https://www.openstreetmap.org/way/889997789,66/33/6,66/33 33/6,66/33 66/6,66/6,n8272808708 n8272808709 n8272808710,False
ladder_skips,tohoku,tohoku_site_a2393f8bbc2f,,大槌変電所,https://www.openstreetmap.org/way/827788712,66/33/6,66/33 33/6,66/6,66/6,n7727898680 n7727898681,False
ladder_skips,tohoku,tohoku_site_0c973abf6f49,,小又川変電所,https://www.openstreetmap.org/way/721051611,66/33/6,66/33 33/6,66/33 66/6,66/6,n7605668334 n7605668335,False
ladder_skips,tohoku,tohoku_site_2ae1e5212983,,愛子変電所,https://www.openstreetmap.org/way/325304504,154/33/6,154/33 33/6,154/33 154/6,154/6,n8272808684 n8272808687,False
ladder_skips,tohoku,tohoku_site_bde1e78503ae,,湯本第一変電所,https://www.openstreetmap.org/way/595117651,66/33/6,66/33 33/6,66/6,66/6,n8353907549 n8353907550,False
ladder_skips,tokyo,tokyo_site_dd10ae22ad02,,中東京変電所,https://www.openstreetmap.org/way/152991099,275/154/66,275/154 154/66,275/154 275/66,275/66,n8241045182 n8241045205 n8241045207 n8241045209 n8241050052 n8241050054 n8241050056,False
ladder_skips,tokyo,tokyo_site_bcb18e98dccf,,新岡部変電所,https://www.openstreetmap.org/way/315434358,500/275/154,500/275 275/154,500/275 500/154,500/154,n8213206743 n8213206744 n8213206749 n8213206750 n8213206751,False
ladder_skips,tokyo,tokyo_site_31f92d199fd2,,新栃木変電所,https://www.openstreetmap.org/way/104530060,500/275/154,500/275 275/154,500/275 500/154 275/154,500/154,n2919089513 n2919089514 n6467393538 n6467393539 n7775059373 n7775059374,False
ladder_skips,tokyo,tokyo_site_5fe571afcda0,,東毛変電所,https://www.openstreetmap.org/way/202714092,500/275/154/66,500/275 275/154 154/66,275/66,275/66,n5069181415 n5069181417 n9497695238 n9497695242 n9932932981,False
ladder_skips,tokyo,tokyo_site_9b96777c2b33,chubu_site_9b96777c2b33,東清水変電所,https://www.openstreetmap.org/way/168247133,275/154/77,275/154 154/77,275/77,275/77,n7086913996 n7086913999 n7086914000,False
level_not_in_db,chubu,chubu_site_1be0604da17e,hokuriku_site_1be0604da17e,富山変電所,https://www.openstreetmap.org/way/320536918,154/66,154/66,154/66 66/6,,n11683207162 n11683207163 n11683207169 n11683207174,False
level_not_in_db,chubu,chubu_site_5c2b523a18a5,hokuriku_site_5c2b523a18a5,浅野町変電所,https://www.openstreetmap.org/way/208275983,77,,77/6,,n11681822292 n11681822293 n11681822294,False
level_not_in_db,chubu,chubu_site_ee2464fa2766,hokuriku_site_ee2464fa2766,石引一丁目変電所,https://www.openstreetmap.org/way/1256591798,77,,77/6,,n11681811300 n11681811301 n11681811302 n11681811303,False
level_not_in_db,chubu,chubu_site_c0a37193b974,hokuriku_site_c0a37193b974,福岡町下蓑新変電所,https://www.openstreetmap.org/way/976019672,66,,66/6,,n11676951158 n11676951160 n11676951161,False
level_not_in_db,chugoku,chugoku_site_6025ed5d950e,kyushu_site_6025ed5d950e,大門変電所,https://www.openstreetmap.org/way/1511657829,66/6,66/6,66/22 66/6,,n13815601658 n13815601659 n13815601660 n13815601661,False
level_not_in_db,chugoku,chugoku_site_b8f7c4c04511,kyushu_site_b8f7c4c04511,徳力変電所,https://www.openstreetmap.org/way/297941491,66,,66/6,,n13810008919 n13810008920 n13810008921,False
level_not_in_db,chugoku,chugoku_site_99935e736b2f,kyushu_site_99935e736b2f,若久変電所,https://www.openstreetmap.org/way/1510200986,66/6,66/6,66/22 66/6,,n13807344796 n13807344797 n13807344798,False
level_not_in_db,hokkaido,hokkaido_site_1af999fc8ae9,,北栄町変電所,https://www.openstreetmap.org/way/424481948,66,,66/6,,n13956541356 n13956541359,False
level_not_in_db,hokkaido,hokkaido_site_abedee9bedc8,,北豊富変電所,https://www.openstreetmap.org/way/1457423291,187/66,187/66,187/66 187/12,,n13366527000 n13366527001 n13366527002 n13366527003 n13366527004,False
level_not_in_db,hokkaido,hokkaido_site_95a9b4633089,,浜頓別変電所,https://www.openstreetmap.org/way/1417209903,66/33,66/33,66/33 66/6,,n13956543858 n13956543861 n13956543864,False
level_not_in_db,hokkaido,hokkaido_site_803215033209,,西町変電所,https://www.openstreetmap.org/way/531136681,100/22,100/22,100/66,,n14156402175 n14156402180 n14156402191,False
level_not_in_db,kyushu,kyushu_site_e73e7b227076,,九州電力 上頓野変電所,https://www.openstreetmap.org/way/294158131,66,,66/6,,n13826126920 n13826126921 n13826126922,False
level_not_in_db,kyushu,kyushu_site_3a818959b556,,九州電力 高鍋変電所,https://www.openstreetmap.org/way/392770529,110/66,110/66,110/66 66/6,,n3959619125 n3959619126 n7056084704 n7056084705,False
level_not_in_db,kyushu,kyushu_site_bfffc60461f0,,田川変電所,https://www.openstreetmap.org/way/294147789,66,,66/6,,n13830452416 n2977164350,False
level_not_in_db,kyushu,kyushu_site_2f1239601a3e,,筑豊変電所,https://www.openstreetmap.org/way/367489622,66,,66/20,,n7143761557 n7143761558,False
level_not_in_db,kyushu,kyushu_site_7c139bb59ea3,,青戸変電所,https://www.openstreetmap.org/way/591371509,66/6,66/6,66/22 66/6,,n13917106887 n13917106889 n13917106891 n13917106893 n13917151013,False
level_not_in_db,tohoku,tohoku_site_e2e7cb991ee0,,上金沢町変電所,https://www.openstreetmap.org/way/830311552,66/33,66/33,66/6,,n9459428654 n9459428656 n9459428658,False
level_not_in_db,tohoku,tohoku_site_0831f78fe975,,八幡原変電所,https://www.openstreetmap.org/way/343505370,66,,66/6,,n8595710995 n8595710997 n8595710998,False
level_not_in_db,tohoku,tohoku_site_3eb4e7b41745,,八戸変電所,https://www.openstreetmap.org/way/321876513,154/66,154/66,154/66 66/6,,n7797618984 n7797642285 n7797642286 n7797642287,False
level_not_in_db,tohoku,tohoku_site_3f552536ac7b,,十日町変電所,https://www.openstreetmap.org/way/830311541,66,,66/6,,n7750332051 n7750332052,False
level_not_in_db,tohoku,tohoku_site_ae461b58c11d,,南須賀川変電所,https://www.openstreetmap.org/way/588138671,66,,66/6,,n7794137170 n7794137171 n7794137172,False
level_not_in_db,tohoku,tohoku_site_3332cfe2a302,,名目所二丁目変電所,https://www.openstreetmap.org/way/1028585683,66,,66/6,,n9482833396 n9482833398 n9482833402,False
level_not_in_db,tohoku,tohoku_site_d32f7b7b6f8b,,坂町変電所,https://www.openstreetmap.org/way/319313779,154/66,154/66,154/66 66/6,,n9406380329 n9406380330 n9406380331 n9406380332,False
level_not_in_db,tohoku,tohoku_site_e707c339befc,,大崎市変電所_3,https://www.openstreetmap.org/way/843464956,66,,66/6,,n9382929124 n9382929125,False
level_not_in_db,tohoku,tohoku_site_7e7813f0caef,,大野目変電所,https://www.openstreetmap.org/way/308626715,66,,66/6,,n8273036672 n8273036674 n8273036676,False
level_not_in_db,tohoku,tohoku_site_10617736ff4d,,好間変電所,https://www.openstreetmap.org/way/642186663,66/33,66/33,66/33 66/6,,n9381900236 n9381900237 n9381900238 n9381900239,False
level_not_in_db,tohoku,tohoku_site_051296591b17,,字下野目雷北変電所,https://www.openstreetmap.org/way/833554584,66,,66/6,,n7781313985,False
level_not_in_db,tohoku,tohoku_site_ef49b3b6ad12,,宮変電所,https://www.openstreetmap.org/way/742385649,66,,66/6,,n9540150806,False
level_not_in_db,tohoku,tohoku_site_b1116a815b4c,,寺田変電所,https://www.openstreetmap.org/way/326125851,66,,66/6,,n7750082156 n7750082157,False
level_not_in_db,tohoku,tohoku_site_c081649c0483,,小関二丁目変電所,https://www.openstreetmap.org/way/1026070082,66,,66/6,,n9460172087 n9460172088 n9460172089,False
level_not_in_db,tohoku,tohoku_site_fe492cd50a78,,屋敷ノ入変電所,https://www.openstreetmap.org/way/834987560,66,,66/6,,n7794142440 n7794142441 n7794142442,False
level_not_in_db,tohoku,tohoku_site_632c314e9a37,,川西町変電所,https://www.openstreetmap.org/way/1026396862,66/33,66/33,66/33 66/6,,n9463138821 n9463138823 n9463138827,False
level_not_in_db,tohoku,tohoku_site_3a22ba7a7628,,平沢変電所,https://www.openstreetmap.org/way/828817629,66,,66/6,,n7736999510 n7736999511,False
level_not_in_db,tohoku,tohoku_site_01b3d37088a4,,弘前変電所,https://www.openstreetmap.org/way/323148584,66,,66/6,,n8269210506 n8269210507 n8269210510,False
level_not_in_db,tohoku,tohoku_site_cd343496fc0e,,新町変電所,https://www.openstreetmap.org/way/292112408,66/33,66/33,66/33 66/6,,n7750332028 n7750332035 n7750332036 n7750332037,False
level_not_in_db,tohoku,tohoku_site_d100dad46d9c,,春日町変電所,https://www.openstreetmap.org/way/1026086959,66,,66/6,,n9460336739 n9460336740 n9460336741,False
level_not_in_db,tohoku,tohoku_site_a4f2057a69c0,,東弘前変電所,https://www.openstreetmap.org/way/610459502,66,,66/6,,n8269210040 n8269210045 n8269210047,False
level_not_in_db,tohoku,tohoku_site_64e856cdc238,,東根変電所,https://www.openstreetmap.org/way/325046384,66,,66/6,,n9460172601 n9460172602,False
level_not_in_db,tohoku,tohoku_site_13aa6a59e2e3,,東港変電所,https://www.openstreetmap.org/way/113545940,66,,66/6,,n9482833459 n9482833461 n9482833462,False
level_not_in_db,tohoku,tohoku_site_6876f32dc25d,,楯岡変電所,https://www.openstreetmap.org/way/325046381,66,,66/6,,n9460173335 n9460173337 n9460173341,False
level_not_in_db,tohoku,tohoku_site_3c7dec300908,,淋代平変電所,https://www.openstreetmap.org/way/670223453,66,,66/6,,n7473455351 n7473455352,False
level_not_in_db,tohoku,tohoku_site_638d3a4b7523,,白石変電所,https://www.openstreetmap.org/way/1017577728,66,,66/6,,n9540151644 n9540151645 n9540151647,False
level_not_in_db,tohoku,tohoku_site_0eb555789b75,,神町変電所,https://www.openstreetmap.org/way/343505356,66,,66/6,,n9460168941 n9460168945 n9460168946,False
level_not_in_db,tohoku,tohoku_site_2cb75cfc62ac,,米沢市変電所,https://www.openstreetmap.org/way/343069949,66,,66/6,,n9463138558 n9463138559,False
level_not_in_db,tohoku,tohoku_site_f3205757eb7a,,花沢変電所,https://www.openstreetmap.org/way/343069954,66,,66/6,,n8595710931 n8595710933 n8595710935,False
level_not_in_db,tohoku,tohoku_site_2d1849c8eeaf,,藤島変電所,https://www.openstreetmap.org/way/415528522,66,,66/6,,n7604376754 n7604376755,False
level_not_in_db,tohoku,tohoku_site_174f3fc41ed3,,酒田市変電所_2,https://www.openstreetmap.org/way/830289253,66,,66/6,,n7750125130 n7750125131,False
level_not_in_db,tohoku,tohoku_site_5c638a2fe29d,,金成変電所,https://www.openstreetmap.org/way/325803243,66,,66/6,,n9382925449 n9382925452,False
level_not_in_db,tohoku,tohoku_site_12672e7b603d,,飯豊町変電所,https://www.openstreetmap.org/way/1026396845,66,,66/6,,n9463138741 n9463138742,False
level_not_in_db,tohoku,tohoku_site_9ae550cdcf74,,高堂二丁目変電所,https://www.openstreetmap.org/way/1026086967,66,,66/6,,n9460336757 n9460336758,False
level_not_in_db,tohoku,tohoku_site_4865f468b595,,高清水変電所,https://www.openstreetmap.org/way/325791897,66,,66/6,,n9382928746 n9382928747,False
level_not_in_db,tohoku,tohoku_site_0a18e830bd1a,,鶴岡変電所,https://www.openstreetmap.org/way/326125863,66,,66/6,,n7750082170 n7750082171 n7750082172,False
level_not_in_db,tokyo,tokyo_site_c115a2c844e9,,千歳変電所,https://www.openstreetmap.org/way/38073309,154/66,154/66,6/0,,n12810645761,False
level_not_in_db,tokyo,tokyo_site_c3bf0370e301,,子ノ神山開閉所,https://www.openstreetmap.org/way/1443721146,66,,6/0,,n13247935160 n13247935161,False
level_not_in_db,tokyo,tokyo_site_6c477f336da2,,岩戸変電所,https://www.openstreetmap.org/way/327974999,66/22/6,66/22 22/6,6/0,,n13243339651,False
level_not_in_db,tokyo,tokyo_site_09c64930b6a8,,府中変電所,https://www.openstreetmap.org/way/74893191,66/6,66/6,6/0,,n12809376607 n12809376608 n12809376612 n12809376613,False
level_not_in_db,tokyo,tokyo_site_e450760a5879,,是政二丁目変電所,https://www.openstreetmap.org/way/1383255869,66/6,66/6,6/0,,n12806682948,False
level_not_in_db,tokyo,tokyo_site_9753491d80ba,,東京電力 木曽変電所,https://www.openstreetmap.org/way/131202599,66,,66/6,,n12828077938 n12828077941 n12828077943,False
level_not_in_db,tokyo,tokyo_site_787a80dba48d,,橋本変電所,https://www.openstreetmap.org/way/110297009,154/66,154/66,154/66 66/6,,n12813992207 n12813992208 n12813992209 n12813992212 n12813992213 n12813992214 n12813992215,False
level_not_in_db,tokyo,tokyo_site_64b80e265852,,浅間町変電所,https://www.openstreetmap.org/way/117200611,66/6,66/6,6/0,,n12810062472,False
level_not_in_db,tokyo,tokyo_site_09ffdb5eba3e,,瀬戸変電所,https://www.openstreetmap.org/way/328088177,66/1,66/1,6/0,,n13280158555,False
level_not_in_db,tokyo,tokyo_site_0aa0f5fd6f68,,田名変電所,https://www.openstreetmap.org/way/1385586851,66,,66/6,,n12828478425 n12828478427 n12828478429,False
level_not_in_db,tokyo,tokyo_site_54d189344056,,由木変電所,https://www.openstreetmap.org/way/1148873451,66,,66/6,,n12802203242 n12802203243 n12802203244,False
level_not_in_db,tokyo,tokyo_site_6d2b769fda89,,相模大野変電所,https://www.openstreetmap.org/way/1389288214,66,,66/6,,n12860669880,False
level_not_in_db,tokyo,tokyo_site_aecb029f2da4,,若葉変電所,https://www.openstreetmap.org/way/1295422529,66/1,66/1,6/0,,n12003688248,False
level_not_in_db,tokyo,tokyo_site_6700a77d22e3,,鶴川変電所,https://www.openstreetmap.org/way/49175357,66,,66/6,,n12823398595 n12823398599 n12823398600,False
osm_partial,kansai,kansai_site_bbc3e10052c5,,嶺南変電所,https://www.openstreetmap.org/relation/11529219,500/275/77,500/275 275/77,500/275,,n7743264908 n9931938030 n9931938034 n9931938045 n9931938049 n9935890653,True
osm_partial,tohoku,tohoku_site_291f3e911771,,新福島変電所,https://www.openstreetmap.org/way/106309481,500/275/66,500/275 275/66,500/275,,n9470338220 n9470338223 n9470338226,True
osm_partial,tokyo,tokyo_site_7634bffc30df,,房総変電所,https://www.openstreetmap.org/way/151379730,500/275/154/66,500/275 275/154 154/66,500/275 275/154,,n5062911589 n5062911596 n5062911601 n5062911606,True
osm_partial,chubu,chubu_site_367c1f7d719d,,中信変電所,https://www.openstreetmap.org/way/315662816,275/154/77,275/154 154/77,275/154,,n7365454784 n7365465585 n7365465586 n7365465587 n7365465588,False
osm_partial,chubu,chubu_site_ff9bf2d44e2e,hokuriku_site_ff9bf2d44e2e,丸岡町舛田変電所,https://www.openstreetmap.org/way/315614776,275/154/77,275/154 154/77,275/154,,n11513463622 n11513463624 n11513463626,False
osm_partial,chubu,chubu_site_bd066b9b0c21,hokuriku_site_bd066b9b0c21,新信濃変電所,https://www.openstreetmap.org/way/315662839,500/275/200,500/275 275/200,500/275,,n3217903184 n3217940671 n3217941283,False
osm_partial,chubu,chubu_site_8bac86ef9b9d,kansai_site_8bac86ef9b9d,新八幡変電所,https://www.openstreetmap.org/way/192288085,154/77/33,154/77 77/33,154/77,,n8900183693 n8900183694,False
osm_partial,chubu,chubu_site_2e255b921de7,hokuriku_site_2e255b921de7,松岡,https://www.openstreetmap.org/way/188498180,154/77/66,154/77 77/66,154/77,,n11513486066 n11513486069,False
osm_partial,chubu,chubu_site_1120a9d6beb0,,駿遠変電所,https://www.openstreetmap.org/way/210090094,500/275/154/77,500/275 275/154 154/77,500/275,,n2594355039 n2594355042 n2917755504 n2917755902,False
osm_partial,chugoku,chugoku_site_583bd20fc6a1,,八雲町変電所,https://www.openstreetmap.org/way/317951887,500/220/110,500/220 220/110,220/110,,n13122826832 n3249950993,False
osm_partial,chugoku,chugoku_site_9c11da07a376,,北松江変電所,https://www.openstreetmap.org/way/317511904,500/220/110,500/220 220/110,500/220,,n6042756770 n6042756772,False
osm_partial,chugoku,chugoku_site_794e85971d4d,kyushu_site_794e85971d4d,山口変電所,https://www.openstreetmap.org/way/318438125,220/110/66/11/6,220/110 110/66 66/11 11/6,220/110,,n3248383295 n3248425188 n3248425323,False
osm_partial,chugoku,chugoku_site_c73093c93f3f,kyushu_site_c73093c93f3f,新山口変電所,https://www.openstreetmap.org/way/204258596,500/220/110,500/220 220/110,500/220,,n7858662222 n7858662226,False
osm_partial,chugoku,chugoku_site_0b0058e3f7ce,,新西広島変電所,https://www.openstreetmap.org/way/193544791,500/220/110,500/220 220/110,500/220,,n2040577666,False
osm_partial,chugoku,chugoku_site_7f2d10eb576b,,日野変電所,https://www.openstreetmap.org/way/242103481,500/220/110/22/11,500/220 220/110 110/22 22/11,500/220 220/110,,n13122826970 n3236774873 n3236776074 n3237971667,False
osm_partial,chugoku,chugoku_site_4897497de7fe,,西島根変電所,https://www.openstreetmap.org/way/317416612,500/275/110,500/275 275/110,500/275,,n3273608063,False
osm_partial,hokkaido,hokkaido_site_8f0767c4580a,tohoku_site_8f0767c4580a,JR北海道吉岡変電所,https://www.openstreetmap.org/way/316552309,250/187/66,250/187 187/66,187/66,,n13363298235 n13363298236,False
osm_partial,hokkaido,hokkaido_site_583dd5563017,,安足間変電所,https://www.openstreetmap.org/way/625051880,110/66/6,110/66 66/6,110/66,,n13463790445 n13463790449,False
osm_partial,hokkaido,hokkaido_site_efd1faad3bc6,tohoku_site_efd1faad3bc6,東通変電所,https://www.openstreetmap.org/way/721132863,154/66/6,154/66 66/6,66/6,,n9454562239 n9454562240,False
osm_partial,hokkaido,hokkaido_site_6c1187dc8717,,留辺蘂変電所,https://www.openstreetmap.org/way/178064476,187/66/22,187/66 66/22,187/66,,n2618271916 n2618271917 n4741500906 n4741500907,False
osm_partial,hokkaido,hokkaido_site_fee5b4b8ab84,,西札幌変電所,https://www.openstreetmap.org/way/179863075,275/187/66,275/187 187/66,187/66,,n13358353462 n13358353463 n13358353471,False
osm_partial,hokuriku,hokuriku_site_5b747f229261,,七尾変電所,https://www.openstreetmap.org/way/933991765,66/6/1,66/6 6/1,66/6,,n11510802335 n11510802337 n11510802340,False
osm_partial,kansai,kansai_site_0be31d11012c,,伊丹変電所,https://www.openstreetmap.org/way/110682955,275/154/77,275/154 154/77,275/154,,n7820313499 n7832721292 n7832721293,False
osm_partial,kansai,kansai_site_ff3251c9a1e0,,小曽根電力所,https://www.openstreetmap.org/way/111363724,275/154/77,275/154 154/77,154/77,,n2918972703 n2918973201,False
osm_partial,kansai,kansai_site_3c0fe6a96c0c,,新奈良変電所,https://www.openstreetmap.org/way/161639374,154/77/33/22/6,154/77 77/33 33/22 22/6,154/77,,n7874265707 n7874265710 n7874265715 n7874265719,False
osm_partial,kansai,kansai_site_81537a63e186,,新生駒 変電所,https://www.openstreetmap.org/way/161727149,500/275/154/77,500/275 275/154 154/77,500/275,,n9564933141 n9564933142,False
osm_partial,kansai,kansai_site_cffc7d7d8147,,紀の川変電所,https://www.openstreetmap.org/way/291678103,500/275/77,500/275 275/77,500/275,,n9557368342 n9557368344 n9557368347,False
osm_partial,kyushu,kyushu_site_bcf042262f96,,上津役変電所,https://www.openstreetmap.org/way/296788490,220/66/6,220/66 66/6,220/66,,n3005991116 n3005991121 n3005991124 n3005991125,False
osm_partial,kyushu,kyushu_site_0020b7552eb7,,九州電力 南熊本変電所,https://www.openstreetmap.org/way/216498433,220/110/66,220/110 110/66,220/110,,n4072277285 n4077759544 n4077759546,False
osm_partial,kyushu,kyushu_site_e97417c3c265,,二島変電所,https://www.openstreetmap.org/way/764455378,110/66/6,110/66 66/6,66/6,,n13819755110 n13819755111,False
osm_partial,kyushu,kyushu_site_b824aae41e7e,,嘉穂変電所,https://www.openstreetmap.org/way/205496779,110/66/6,110/66 66/6,110/66,,n7143755529,False
osm_partial,kyushu,kyushu_site_d053e49786af,,山家変電所,https://www.openstreetmap.org/way/172143432,220/66/6,220/66 66/6,220/66,,n3019241788,False
osm_partial,kyushu,kyushu_site_8789951bf9ce,,熊本変電所,https://www.openstreetmap.org/way/405626236,500/220/66,500/220 220/66,500/220,,n7214724710,False
osm_partial,tohoku,tohoku_site_49ff15a245c2,,三川変電所,https://www.openstreetmap.org/way/325971039,154/66/6,154/66 66/6,66/6,,n9382958984,False
osm_partial,tohoku,tohoku_site_e4e9bbbbea1d,,二本松市変電所,https://www.openstreetmap.org/way/835186162,275/154/66,275/154 154/66,275/154,,n7795851774 n7795851780,False
osm_partial,tohoku,tohoku_site_ee260746fbd6,,仙台港変電所,https://www.openstreetmap.org/way/548888573,275/154/66,275/154 154/66,154/66,,n7739105531 n7739105532 n7739105533,False
osm_partial,tohoku,tohoku_site_e90d62fc5e98,,南酒田変電所,https://www.openstreetmap.org/way/750201262,154/66/6,154/66 66/6,66/6,,n7014853651 n7014853652 n7014853653,False
osm_partial,tohoku,tohoku_site_974f25bb3e1f,,新庄変電所,https://www.openstreetmap.org/way/308348224,275/154/66/33,275/154 154/66 66/33,275/154 154/66,,n7749833496 n7749833498 n7749833500 n7749833520,False
osm_partial,tohoku,tohoku_site_38c695a20cb3,,東北電力北津軽変電所,https://www.openstreetmap.org/way/323148606,154/66/6,154/66 66/6,154/66,,n7483587707 n7483587708,False
osm_partial,tohoku,tohoku_site_c2f244c89cd1,,東花巻変電所,https://www.openstreetmap.org/way/721786411,275/154/66,275/154 154/66,275/154,,n9482834003 n9482834004,False
osm_partial,tohoku,tohoku_site_956786546926,,浦町変電所,https://www.openstreetmap.org/way/715439767,154/66/6,154/66 66/6,66/6,,n7502568694 n7502568695 n7502568696,False
osm_partial,tohoku,tohoku_site_e47a84c14c82,,西石巻変電所,https://www.openstreetmap.org/way/104024082,154/66/33/6,154/66 66/33 33/6,154/66 66/33,,n7471058270 n7471058274 n7471058277 n7471058280 n7471058285,False
osm_partial,tohoku,tohoku_site_ef35500eea7e,,金ケ崎変電所,https://www.openstreetmap.org/way/109508552,154/66/6,154/66 66/6,154/66,,n7875101099 n7875101106 n7875101107,False
osm_partial,tohoku,tohoku_site_a27d569d01f7,,長町変電所,https://www.openstreetmap.org/way/891443272,154/66/6,154/66 66/6,66/6,,n8285836936 n8285836937,False
osm_partial,tohoku,tohoku_site_b69144df455e,,青森変電所,https://www.openstreetmap.org/way/316581636,275/154/66/33,275/154 154/66 66/33,154/66,,n3299417678 n3299418781,False
osm_partial,tohoku,tohoku_site_a2d18597d70f,,青森変電所,https://www.openstreetmap.org/way/316581637,275/154/66/33,275/154 154/66 66/33,275/154,,n7447847169 n7447847173,False
osm_partial,tokyo,tokyo_site_0f670f9ba741,chubu_site_0f670f9ba741,奥秩父変電所,https://www.openstreetmap.org/way/73851272,154/66/33,154/66 66/33,154/66,,n8202488294 n8202488297 n8202488302 n8202488305,False
osm_partial,tokyo,tokyo_site_4bacc6878367,,岩槻変電所,https://www.openstreetmap.org/way/155411568,275/154/66,275/154 154/66,154/66,,n5066244100 n5066244102 n5066244110 n5066244112,False
osm_partial,tokyo,tokyo_site_160126de1017,,新宇都宮変電所,https://www.openstreetmap.org/way/686394119,500/275/154/25,500/275 275/154 154/25,154/25,,n7775059324 n7775059327,False
osm_partial,tokyo,tokyo_site_52b569ac38aa,chubu_site_52b569ac38aa,新富士変電所,https://www.openstreetmap.org/way/150065045,500/275/154/66/6,500/275 275/154 154/66 66/6,500/275,,n12843948469 n6028228416,False
osm_partial,tokyo,tokyo_site_767c6fb68251,,新野田変電所,https://www.openstreetmap.org/relation/13768299,500/275/154/66,500/275 275/154 154/66,275/154,,n3475166419 n3475166433 n3475166435 n3475166449,False
osm_partial,tokyo,tokyo_site_10ea74ede600,,緑が丘変電所,https://www.openstreetmap.org/way/1351221827,275/66/6,275/66 66/6,66/6,,n12861862258 n12861862262 n12861862265,False
osm_partial,tokyo,tokyo_site_1d18838708d5,,西東京変電所,https://www.openstreetmap.org/way/47110637,275/154/15,275/154 154/15,275/154,,n12813234030 n12813234046 n12813234053 n12825666909,False
osm_partial,tokyo,tokyo_site_097d46db5af5,,那珂変電所,https://www.openstreetmap.org/way/105291887,275/154/66,275/154 154/66,275/154,,n10724746939 n10724746940,False
osm_partial,tokyo,tokyo_site_2e48df183b39,,青梅変電所,https://www.openstreetmap.org/relation/18793974,275/66/6,275/66 66/6,275/66,,n12668903667 n12668903690 n12668932401,False
