col,pp_bus,built_node_id,kv,lat,lon
0,0,hokkaido_jct_41.9907:140.8895:66,66.0,41.99071,140.88947
1,1,hokkaido_jct_42.3255:140.2727:66,66.0,42.32553,140.27272
2,2,hokkaido_jct_42.2764:140.2683:66,66.0,42.27638,140.26828
3,3,hokkaido_jct_41.8858:140.7265:66,66.0,41.88584,140.72653
4,4,hokkaido_jct_41.8689:140.7069:66,66.0,41.86885,140.70694
5,5,hokkaido_jct_42.6218:141.4947:66,66.0,42.6218,141.49471
6,6,hokkaido_jct_42.5551:141.3366:66,66.0,42.55511,141.33659
7,7,hokkaido_jct_41.9399:140.6382:187,187.0,41.93989,140.63817
8,8,hokkaido_jct_41.8224:140.6298:66,66.0,41.82236,140.62985
9,9,hokkaido_jct_41.8008:140.7998:66,66.0,41.80079,140.79985
10,10,hokkaido_jct_41.8032:140.8004:66,66.0,41.80322,140.80042
11,11,hokkaido_jct_41.6817:140.3833:66,66.0,41.68174,140.3833
12,12,hokkaido_jct_41.4424:140.2255:66,66.0,41.44241,140.22546
13,13,hokkaido_jct_42.3639:140.95:66,66.0,42.36389,140.95
14,14,hokkaido_jct_41.9047:140.7087:66,66.0,41.90465,140.70867
15,15,hokkaido_jct_41.8596:140.7358:66,66.0,41.85963,140.73576
16,16,hokkaido_jct_41.8081:140.8165:66,66.0,41.80807,140.81646
17,17,hokkaido_jct_41.8001:140.8082:66,66.0,41.80012,140.80821
18,18,hokkaido_jct_42.3831:141.0163:66,66.0,42.38313,141.0163
19,19,hokkaido_jct_42.402:141.0682:66,66.0,42.40195,141.06821
20,20,hokkaido_jct_42.0871:140.5714:66,66.0,42.08712,140.57137
21,21,hokkaido_jct_42.1586:140.4637:66,66.0,42.15858,140.46371
22,22,hokkaido_jct_42.2317:140.3036:66,66.0,42.23175,140.30363
23,23,hokkaido_jct_42.0202:140.6047:66,66.0,42.02023,140.60469
24,24,hokkaido_jct_42.1122:140.4568:66,66.0,42.11221,140.45677
25,25,hokkaido_jct_41.8638:140.6196:66,66.0,41.86383,140.6196
26,26,hokkaido_jct_41.9175:140.6462:66,66.0,41.9175,140.64625
27,28,hokkaido_jct_42.489:140.8674:66,66.0,42.48903,140.86737
28,29,hokkaido_jct_42.5704:140.9126:66,66.0,42.57036,140.91264
29,30,hokkaido_jct_42.6026:140.709:66,66.0,42.60265,140.70899
30,31,hokkaido_jct_42.5999:140.7036:66,66.0,42.59991,140.70364
31,36,hokkaido_jct_41.8114:140.8143:66,66.0,41.8114,140.81425
32,37,hokkaido_jct_42.2444:140.2922:66,66.0,42.24445,140.29216
33,38,hokkaido_jct_41.9776:140.8816:66,66.0,41.97759,140.88162
34,39,hokkaido_jct_42.442:140.2988:66,66.0,42.44195,140.2988
35,42,hokkaido_jct_41.8196:140.6325:66,66.0,41.8196,140.63253
36,44,hokkaido_jct_41.9921:140.8941:66,66.0,41.99213,140.89405
37,45,hokkaido_jct_42.6643:141.6981:66,66.0,42.66435,141.69811
38,46,hokkaido_jct_42.7062:141.7509:187,187.0,42.7062,141.75091
39,47,hokkaido_jct_42.6387:141.5602:66,66.0,42.63868,141.56015
40,48,hokkaido_jct_42.647:141.7095:66,66.0,42.64704,141.70954
41,49,hokkaido_jct_42.7155:142.2996:66,66.0,42.71546,142.29957
42,50,hokkaido_jct_42.7029:141.8673:66,66.0,42.70287,141.86732
43,51,hokkaido_jct_42.6857:141.7661:66,66.0,42.68566,141.76612
44,52,hokkaido_jct_42.9498:142.6162:187,187.0,42.94976,142.61622
45,53,hokkaido_jct_42.5615:142.529:187,187.0,42.56146,142.529
46,54,hokkaido_jct_42.4607:142.6292:187,187.0,42.46073,142.62917
47,55,hokkaido_jct_42.1106:143.0544:66,66.0,42.11061,143.05437
48,56,hokkaido_jct_42.5223:142.0482:66,66.0,42.52229,142.04823
49,57,hokkaido_jct_42.4091:142.4953:66,66.0,42.40912,142.49534
50,58,hokkaido_jct_42.5118:142.5104:66,66.0,42.51179,142.51036
51,59,hokkaido_jct_42.3451:142.3826:66,66.0,42.34507,142.3826
52,60,hokkaido_jct_42.1928:142.7665:66,66.0,42.19284,142.76652
53,61,hokkaido_jct_42.6748:141.7657:66,66.0,42.67482,141.76575
54,62,hokkaido_jct_42.7723:141.6166:66,66.0,42.77229,141.61657
55,63,hokkaido_jct_42.7742:141.6166:66,66.0,42.77418,141.61656
56,64,hokkaido_jct_42.3258:142.5648:66,66.0,42.32577,142.56479
57,65,hokkaido_jct_42.6027:141.9549:66,66.0,42.60271,141.95494
58,66,hokkaido_jct_42.5132:142.0399:0,66.0,42.51319,142.03992
59,67,hokkaido_jct_42.5991:142.5405:187,187.0,42.59905,142.5405
60,68,hokkaido_jct_42.6316:141.6607:66,66.0,42.63164,141.66069
61,69,hokkaido_jct_42.6417:141.7981:66,66.0,42.64165,141.79813
62,70,hokkaido_jct_42.3254:142.5651:66,66.0,42.32541,142.56513
63,71,hokkaido_jct_42.4561:142.6341:187,187.0,42.45605,142.63409
64,72,hokkaido_jct_42.4733:142.7714:187,187.0,42.4733,142.77144
65,73,hokkaido_jct_42.6055:142.5546:187,187.0,42.60552,142.55463
66,74,hokkaido_jct_42.9176:140.7207:66,66.0,42.91764,140.7207
67,75,hokkaido_jct_42.8897:140.7304:66,66.0,42.88971,140.73042
68,76,hokkaido_jct_42.8879:140.7459:66,66.0,42.88787,140.74592
69,77,hokkaido_jct_43.1865:140.837:66,66.0,43.18651,140.83699
70,78,hokkaido_jct_43.1094:141.4767:66,66.0,43.10945,141.47671
71,79,hokkaido_jct_43.1098:141.2995:66,66.0,43.10985,141.29946
72,80,hokkaido_jct_43.1014:141.2977:66,66.0,43.10144,141.2977
73,81,hokkaido_jct_43.0228:141.4372:66,66.0,43.02285,141.43718
74,82,hokkaido_jct_43.0856:141.411:66,66.0,43.08564,141.41098
75,83,hokkaido_jct_43.1983:140.9755:66,66.0,43.19834,140.97553
76,84,hokkaido_jct_43.0484:141.1665:187,187.0,43.04844,141.16651
77,85,hokkaido_jct_43.1134:141.2895:66,66.0,43.11342,141.28955
78,86,hokkaido_jct_43.1763:140.7982:66,66.0,43.17632,140.79825
79,87,hokkaido_jct_43.1407:141.4115:187,187.0,43.14073,141.41149
80,88,hokkaido_jct_43.0901:141.4752:66,66.0,43.0901,141.47516
81,89,hokkaido_jct_42.8293:140.7075:66,66.0,42.8293,140.70753
82,90,hokkaido_jct_42.9211:140.9656:275,275.0,42.92107,140.96563
83,91,hokkaido_jct_42.9386:140.9693:275,275.0,42.93859,140.9693
84,92,hokkaido_jct_42.9902:140.5474:66,66.0,42.99025,140.54744
85,93,hokkaido_jct_43.0485:140.5295:66,66.0,43.04847,140.52949
86,94,hokkaido_jct_43.1999:140.9766:66,66.0,43.19994,140.97662
87,95,hokkaido_jct_42.8052:140.593:66,66.0,42.80518,140.59305
88,96,hokkaido_jct_42.8108:140.6379:66,66.0,42.81082,140.63795
89,97,hokkaido_jct_42.8076:140.6409:66,66.0,42.80764,140.64094
90,98,hokkaido_jct_42.8199:140.7003:66,66.0,42.81995,140.70026
91,99,hokkaido_jct_42.8824:140.7337:66,66.0,42.8824,140.73371
92,100,hokkaido_jct_42.9047:140.7057:66,66.0,42.90472,140.70574
93,101,hokkaido_jct_43.173:140.7949:66,66.0,43.17299,140.79492
94,102,hokkaido_jct_43.7368:142.2735:187,187.0,43.73684,142.27351
95,103,hokkaido_jct_43.7708:142.337:66,66.0,43.77076,142.33702
96,104,hokkaido_jct_43.6884:142.4782:66,66.0,43.68835,142.47824
97,105,hokkaido_jct_43.6437:142.5767:66,66.0,43.64367,142.57668
98,106,hokkaido_jct_43.2632:143.4765:187,187.0,43.26318,143.47648
99,107,hokkaido_jct_43.2319:143.5555:66,66.0,43.23186,143.55547
100,108,hokkaido_jct_43.1456:142.9404:187,187.0,43.14565,142.94039
101,109,hokkaido_jct_42.8303:143.756:66,66.0,42.83034,143.75598
102,110,hokkaido_jct_43.1687:142.9338:187,187.0,43.16865,142.9338
103,111,hokkaido_jct_42.9452:143.4422:66,66.0,42.94525,143.44224
104,112,hokkaido_jct_42.948:143.2824:66,66.0,42.94802,143.28244
105,113,hokkaido_jct_42.925:143.2274:66,66.0,42.92496,143.22742
106,114,hokkaido_jct_43.7722:143.6135:66,66.0,43.77216,143.61345
107,115,hokkaido_jct_43.7679:143.7429:66,66.0,43.7679,143.74292
108,116,hokkaido_jct_43.859:144.1391:66,66.0,43.85902,144.13909
109,117,hokkaido_jct_43.8221:143.9651:66,66.0,43.82209,143.96513
110,118,hokkaido_jct_43.8441:143.8847:66,66.0,43.84413,143.88468
111,119,hokkaido_jct_43.7161:142.1885:187,187.0,43.71608,142.18847
112,120,hokkaido_jct_43.7736:142.386:66,66.0,43.7736,142.38601
113,121,hokkaido_jct_42.8587:143.1412:66,66.0,42.85868,143.1412
114,122,hokkaido_jct_43.0964:141.5924:66,66.0,43.0964,141.59239
115,123,hokkaido_jct_43.1069:141.4769:66,66.0,43.10687,141.47687
116,124,hokkaido_jct_43.0949:141.5034:66,66.0,43.09492,141.50338
117,125,hokkaido_jct_43.133:141.542:66,66.0,43.13303,141.54195
118,126,hokkaido_jct_42.9571:141.5055:66,66.0,42.95706,141.50548
119,127,hokkaido_jct_43.2521:141.8381:66,66.0,43.25208,141.83812
120,128,hokkaido_jct_43.4152:141.908:66,66.0,43.41521,141.90803
121,129,hokkaido_jct_43.4459:141.9071:66,66.0,43.44595,141.90709
122,130,hokkaido_jct_43.9165:141.6789:66,66.0,43.91652,141.67891
123,131,hokkaido_jct_44.3459:142.3801:187,187.0,44.34592,142.38013
124,132,hokkaido_jct_43.2118:141.7444:66,66.0,43.21182,141.74436
125,133,hokkaido_jct_43.171:142.9322:187,187.0,43.17098,142.9322
126,134,hokkaido_jct_43.4632:141.8901:66,66.0,43.4632,141.89014
127,135,hokkaido_jct_43.5348:141.8615:66,66.0,43.53483,141.86146
128,136,hokkaido_jct_43.7082:141.9629:66,66.0,43.70824,141.9629
129,137,hokkaido_jct_43.8106:141.9596:66,66.0,43.81055,141.95956
130,138,hokkaido_jct_43.5175:141.9823:66,66.0,43.51748,141.9823
131,139,hokkaido_jct_42.9359:143.0853:66,66.0,42.93592,143.08526
132,140,hokkaido_jct_42.8872:141.6123:66,66.0,42.8872,141.61226
133,141,hokkaido_jct_43.0196:141.7323:66,66.0,43.0196,141.73232
134,142,hokkaido_jct_42.8436:141.6433:66,66.0,42.84364,141.64325
135,145,hokkaido_jct_44.1958:143.5671:66,66.0,44.19581,143.56709
136,146,hokkaido_jct_44.0754:143.5048:66,66.0,44.07542,143.50482
137,147,hokkaido_jct_44.3279:143.35:66,66.0,44.32792,143.35004
138,148,hokkaido_jct_43.5927:142.4818:66,66.0,43.59268,142.48183
139,149,hokkaido_jct_43.3835:142.3644:66,66.0,43.38355,142.36442
140,150,hokkaido_jct_44.1042:142.3423:66,66.0,44.10421,142.34231
141,151,hokkaido_jct_44.1578:142.3628:66,66.0,44.15776,142.36277
142,152,hokkaido_jct_44.2776:142.3364:66,66.0,44.2776,142.33636
143,153,hokkaido_jct_44.1614:142.3821:110,110.0,44.16138,142.38211
144,154,hokkaido_jct_44.1633:142.3903:0,66.0,44.16329,142.39028
145,155,hokkaido_jct_43.925:141.6584:66,66.0,43.92496,141.65841
146,156,hokkaido_jct_43.0468:142.9512:66,66.0,43.04682,142.95122
147,157,hokkaido_jct_42.9311:143.0871:66,66.0,42.93106,143.08711
148,158,hokkaido_jct_42.8768:142.4655:66,66.0,42.87684,142.4655
149,161,hokkaido_jct_44.1177:142.4789:0,66.0,44.11769,142.47893
150,162,hokkaido_jct_44.114:142.6948:0,66.0,44.11402,142.69481
151,163,hokkaido_jct_43.6661:142.5485:66,66.0,43.66605,142.54852
152,164,hokkaido_jct_43.6315:142.63:66,66.0,43.63154,142.62999
153,165,hokkaido_jct_43.6272:142.6249:66,66.0,43.62715,142.62488
154,166,hokkaido_jct_43.6306:142.6247:66,66.0,43.63056,142.62468
155,167,hokkaido_jct_43.5155:142.2077:66,66.0,43.51548,142.2077
156,168,hokkaido_jct_43.4903:142.2197:66,66.0,43.49034,142.21975
157,169,hokkaido_jct_43.4753:142.2724:66,66.0,43.47533,142.27243
158,170,hokkaido_jct_43.2359:142.911:187,187.0,43.23588,142.91103
159,171,hokkaido_jct_43.2329:142.9422:66,66.0,43.23286,142.9422
160,172,hokkaido_jct_43.2337:142.9419:66,66.0,43.23372,142.94195
161,173,hokkaido_jct_43.6784:143.0347:110,110.0,43.6784,143.0347
162,174,hokkaido_jct_42.9132:141.9166:0,66.0,42.91319,141.9166
163,175,hokkaido_jct_43.5579:141.9336:66,66.0,43.55789,141.93359
164,176,hokkaido_jct_43.2026:141.742:66,66.0,43.2026,141.742
165,177,hokkaido_jct_43.6591:141.9974:66,66.0,43.65906,141.99744
166,178,hokkaido_jct_43.1665:141.9102:0,66.0,43.16646,141.91017
167,179,hokkaido_jct_43.014:142.0318:66,66.0,43.01401,142.03184
168,180,hokkaido_jct_42.9997:142.0194:0,66.0,42.99967,142.01942
169,181,hokkaido_jct_42.9129:141.917:0,66.0,42.91292,141.91702
170,182,hokkaido_jct_43.1685:142.9332:187,187.0,43.16855,142.93316
171,183,hokkaido_jct_43.7291:142.3642:187,187.0,43.72908,142.36424
172,184,hokkaido_jct_42.7743:141.6159:66,66.0,42.77428,141.61588
173,185,hokkaido_jct_42.772:141.6168:66,66.0,42.77198,141.61683
174,186,hokkaido_jct_43.8157:142.028:66,66.0,43.81568,142.02797
175,187,hokkaido_jct_43.4897:142.2199:66,66.0,43.48975,142.2199
176,188,hokkaido_jct_43.4898:142.22:66,66.0,43.48977,142.21999
177,189,hokkaido_jct_43.4898:142.2201:66,66.0,43.48981,142.22009
178,190,hokkaido_jct_43.4897:142.22:66,66.0,43.48967,142.22005
179,191,hokkaido_jct_43.4893:142.2207:66,66.0,43.4893,142.22067
180,192,hokkaido_jct_43.4899:142.2199:66,66.0,43.48987,142.21992
181,193,hokkaido_jct_43.4762:142.2707:66,66.0,43.47623,142.27066
182,194,hokkaido_jct_43.4757:142.2713:66,66.0,43.47573,142.27134
183,195,hokkaido_jct_43.4758:142.2714:66,66.0,43.47578,142.2714
184,196,hokkaido_jct_43.4758:142.2715:66,66.0,43.47582,142.27146
185,197,hokkaido_jct_43.4756:142.2713:66,66.0,43.47564,142.27134
186,198,hokkaido_jct_43.6315:142.6647:66,66.0,43.63153,142.66467
187,199,hokkaido_jct_44.0274:143.5092:66,66.0,44.02742,143.50924
188,202,hokkaido_jct_42.8771:142.4579:66,66.0,42.87712,142.45791
189,203,hokkaido_jct_43.0927:142.9287:66,66.0,43.09268,142.92869
190,204,hokkaido_jct_43.2332:142.942:66,66.0,43.23324,142.94203
191,205,hokkaido_jct_43.2333:142.9421:66,66.0,43.23326,142.94214
192,206,hokkaido_jct_43.2333:142.942:66,66.0,43.23332,142.94201
193,207,hokkaido_jct_43.2635:143.043:66,66.0,43.26352,143.04296
194,208,hokkaido_jct_43.2369:142.9381:187,187.0,43.2369,142.93806
195,209,hokkaido_jct_43.3616:142.9252:187,187.0,43.36156,142.92523
196,210,hokkaido_jct_42.9249:143.2274:66,66.0,42.9249,143.22737
197,211,hokkaido_jct_42.8085:143.6625:66,66.0,42.80847,143.66254
198,212,hokkaido_jct_43.4365:143.1487:187,187.0,43.43648,143.14867
199,213,hokkaido_jct_43.0218:142.0981:66,66.0,43.02175,142.09807
200,214,hokkaido_jct_43.6855:143.9748:66,66.0,43.68551,143.97485
201,215,hokkaido_jct_43.4066:144.1238:66,66.0,43.40662,144.12381
202,216,hokkaido_jct_43.8584:144.141:66,66.0,43.85841,144.14104
203,217,hokkaido_jct_43.8708:144.2482:66,66.0,43.87079,144.24819
204,218,hokkaido_jct_43.9849:144.2473:66,66.0,43.98488,144.2473
205,219,hokkaido_jct_43.8559:144.2864:66,66.0,43.85591,144.28637
206,220,hokkaido_jct_43.7246:144.028:66,66.0,43.72457,144.02799
207,221,hokkaido_jct_43.2812:145.5407:66,66.0,43.28125,145.54067
208,222,hokkaido_jct_42.9064:143.9411:66,66.0,42.90645,143.94107
209,223,hokkaido_jct_43.0314:144.2791:66,66.0,43.03143,144.27905
210,224,hokkaido_jct_43.0308:144.2784:66,66.0,43.03075,144.27838
211,225,hokkaido_jct_43.019:144.3658:66,66.0,43.01898,144.36577
212,226,hokkaido_jct_43.001:144.116:66,66.0,43.00097,144.11598
213,227,hokkaido_jct_43.0314:144.1533:66,66.0,43.03139,144.15325
214,228,hokkaido_jct_43.1484:145.0429:66,66.0,43.14836,145.04288
215,229,hokkaido_jct_42.9962:144.4242:66,66.0,42.99624,144.42419
216,230,hokkaido_jct_42.9675:144.4592:66,66.0,42.96747,144.45924
217,231,hokkaido_jct_42.9873:144.4469:66,66.0,42.98726,144.44694
218,232,hokkaido_jct_42.975:144.4729:66,66.0,42.97504,144.47287
219,233,hokkaido_jct_42.9598:144.4138:66,66.0,42.95985,144.41385
220,238,hokkaido_jct_43.0165:144.281:66,66.0,43.01651,144.281
221,239,hokkaido_jct_43.0159:144.3738:66,66.0,43.01594,144.37381
222,240,hokkaido_jct_43.8896:144.6557:66,66.0,43.88959,144.6557
223,241,hokkaido_jct_43.8644:144.5902:66,66.0,43.86439,144.59022
224,242,hokkaido_jct_43.7812:143.872:66,66.0,43.78119,143.87205
225,243,hokkaido_jct_43.8303:143.8875:66,66.0,43.83033,143.88746
226,244,hokkaido_jct_43.7806:143.8719:66,66.0,43.78062,143.87193
227,245,hokkaido_jct_43.8092:143.9347:66,66.0,43.80918,143.93469
228,246,hokkaido_jct_43.8664:144.482:66,66.0,43.86642,144.48197
229,247,hokkaido_jct_42.9577:144.4206:66,66.0,42.95768,144.42056
230,248,hokkaido_jct_43.0094:144.3574:66,66.0,43.00939,144.35744
231,249,hokkaido_jct_43.6652:144.0714:66,66.0,43.6652,144.07143
232,250,hokkaido_jct_43.2291:145.2436:66,66.0,43.22906,145.24361
233,251,hokkaido_jct_43.5259:144.9802:66,66.0,43.5259,144.98017
234,252,hokkaido_jct_43.6933:145.0282:66,66.0,43.69332,145.02824
235,253,hokkaido_jct_43.6846:145.044:66,66.0,43.68455,145.04397
236,255,hokkaido_jct_44.0016:145.1773:66,66.0,44.00155,145.17731
237,256,hokkaido_jct_43.8667:144.4819:66,66.0,43.86672,144.48192
238,257,hokkaido_jct_45.3911:141.676:66,66.0,45.39107,141.67602
239,258,hokkaido_jct_45.3654:141.7086:66,66.0,45.36542,141.70858
240,259,hokkaido_jct_45.3613:141.7146:110,110.0,45.36128,141.71459
241,260,hokkaido_jct_44.2793:142.3375:66,66.0,44.27932,142.33746
242,261,hokkaido_jct_45.0454:141.8577:66,66.0,45.04535,141.85773
243,262,hokkaido_jct_45.0477:141.8453:66,66.0,45.04766,141.8453
244,263,hokkaido_jct_44.8594:142.05:110,110.0,44.8594,142.05004
245,264,hokkaido_jct_45.1087:142.3646:66,66.0,45.10869,142.36463
246,265,hokkaido_jct_44.8369:142.3144:66,66.0,44.83687,142.31442
247,266,hokkaido_jct_44.2863:142.2211:66,66.0,44.28632,142.22107
248,267,hokkaido_jct_44.2803:142.3387:66,66.0,44.28032,142.33865
249,268,hokkaido_jct_44.3046:142.2533:66,66.0,44.30463,142.25326
250,269,hokkaido_jct_44.3439:142.4306:110,110.0,44.34394,142.43058
251,270,hokkaido_jct_45.0993:142.3895:66,66.0,45.09931,142.38954
252,271,hokkaido_jct_44.2784:142.337:66,66.0,44.27837,142.33696
253,272,hokkaido_jct_44.2785:142.337:66,66.0,44.27848,142.33702
254,273,hokkaido_jct_44.2785:142.3369:66,66.0,44.27851,142.33693
255,274,hokkaido_jct_44.2785:142.3371:66,66.0,44.27845,142.33712
256,275,hokkaido_jct_44.2785:142.3368:66,66.0,44.27854,142.33684
257,276,hokkaido_jct_44.2786:142.337:66,66.0,44.27865,142.33701
258,278,hokkaido_sub_2@187,187.0,42.48381,140.83051
259,279,hokkaido_sub_2@66,66.0,42.48381,140.83051
260,280,hokkaido_sub_3,66.0,42.26015,140.27335
261,281,hokkaido_sub_4,66.0,41.79417,140.79824
262,282,hokkaido_sub_5@187,187.0,42.4016,140.99461
263,283,hokkaido_sub_5@66,66.0,42.4016,140.99461
264,284,hokkaido_sub_6@187,187.0,42.3726,141.03277
265,285,hokkaido_sub_6@66,66.0,42.3726,141.03277
266,286,hokkaido_sub_7,66.0,42.32723,141.00132
267,287,hokkaido_sub_8@187,187.0,41.93198,140.65381
268,288,hokkaido_sub_8@66,66.0,41.93198,140.65381
269,289,hokkaido_sub_9,66.0,42.36636,141.055
270,290,hokkaido_sub_10,66.0,42.55249,141.35569
271,291,hokkaido_sub_11,66.0,41.90756,140.63902
272,292,hokkaido_sub_12,66.0,41.81497,140.72989
273,293,hokkaido_sub_13@66,66.0,41.76527,140.85989
274,294,hokkaido_sub_14,66.0,41.77307,140.86157
275,295,hokkaido_sub_15,66.0,41.93848,140.3225
276,296,hokkaido_sub_16@275,275.0,41.88837,140.60759
277,297,hokkaido_sub_16@187,187.0,41.88837,140.60759
278,298,hokkaido_sub_16@66,66.0,41.88837,140.60759
279,299,hokkaido_sub_17,66.0,41.81861,140.61366
280,300,hokkaido_sub_18,66.0,42.42117,141.11299
281,301,hokkaido_sub_19,66.0,42.48517,140.87637
282,302,hokkaido_sub_20,66.0,41.80126,141.10089
283,303,hokkaido_sub_21,66.0,41.9323,140.65732
284,304,hokkaido_sub_22@187,187.0,41.93228,140.66342
285,305,hokkaido_sub_22@66,66.0,41.93228,140.66342
286,307,hokkaido_sub_25,66.0,42.58299,140.73308
287,308,hokkaido_sub_26,66.0,42.60612,140.63042
288,309,hokkaido_sub_27,66.0,42.32203,140.99536
289,310,hokkaido_sub_28,66.0,41.49855,140.25102
290,311,hokkaido_sub_29@187,187.0,41.443,140.23467
291,312,hokkaido_sub_29@66,66.0,41.443,140.23467
292,313,hokkaido_sub_31,66.0,41.81596,140.12816
293,314,hokkaido_sub_32,66.0,41.93379,140.1512
294,315,hokkaido_sub_33@66,66.0,41.86974,140.14287
295,316,hokkaido_sub_34,66.0,42.34294,141.02742
296,317,hokkaido_sub_35,66.0,42.0697,140.07198
297,318,hokkaido_sub_36,66.0,42.13692,139.93252
298,320,hokkaido_sub_38,66.0,41.81964,140.72945
299,321,hokkaido_sub_39,66.0,41.82269,140.72942
300,322,hokkaido_sub_40,187.0,42.35062,141.00801
301,323,hokkaido_sub_41,66.0,41.76743,140.86217
302,324,hokkaido_sub_42,66.0,41.72552,141.00809
303,325,hokkaido_sub_43,66.0,41.90064,140.6985
304,326,hokkaido_sub_44,66.0,41.90181,140.6646
305,328,hokkaido_sub_46,66.0,41.82969,140.70256
306,329,hokkaido_sub_47@187,187.0,41.84188,140.64445
307,330,hokkaido_sub_47@66,66.0,41.84188,140.64445
308,331,hokkaido_sub_48,66.0,41.74019,140.57943
309,332,hokkaido_sub_49,66.0,41.80806,140.61918
310,334,hokkaido_sub_51,66.0,42.09099,140.12594
311,335,hokkaido_sub_52,66.0,42.42395,140.00948
312,336,hokkaido_sub_53,66.0,42.40569,139.88464
313,337,hokkaido_sub_54,66.0,42.03305,140.81641
314,338,hokkaido_sub_55,66.0,42.63403,140.44984
315,339,hokkaido_sub_56,66.0,42.5248,140.37374
316,340,hokkaido_sub_57,66.0,42.47071,140.19549
317,341,hokkaido_sub_58,66.0,41.86157,140.65388
318,342,hokkaido_sub_59@187,187.0,42.3739,141.04005
319,343,hokkaido_sub_59@66,66.0,42.3739,141.04005
320,344,hokkaido_sub_60,66.0,42.37077,140.9953
321,345,hokkaido_sub_64,66.0,42.56057,140.88808
322,346,hokkaido_sub_65,66.0,41.60072,140.34552
323,348,hokkaido_sub_68@275,275.0,41.91661,140.58589
324,349,hokkaido_sub_68@66,66.0,41.91661,140.58589
325,350,hokkaido_sub_69,66.0,41.43029,140.07513
326,351,hokkaido_sub_71,66.0,42.55457,141.34436
327,352,hokkaido_sub_72,66.0,42.508,141.27594
328,353,hokkaido_sub_76,66.0,42.45848,140.90343
329,354,hokkaido_sub_77,66.0,42.47196,141.147
330,355,hokkaido_sub_78,66.0,42.42249,141.11918
331,356,hokkaido_sub_79,66.0,42.39461,141.07951
332,359,hokkaido_sub_84,66.0,42.58703,140.91505
333,360,hokkaido_sub_85,66.0,42.55439,140.75868
334,361,hokkaido_sub_86,66.0,41.67553,140.42405
335,362,hokkaido_sub_87,66.0,41.59705,140.33927
336,363,hokkaido_sub_88,187.0,41.58279,140.42388
337,364,hokkaido_sub_89,66.0,41.81431,140.12659
338,366,hokkaido_sub_91,66.0,42.10452,140.58333
339,367,hokkaido_sub_92,66.0,42.13264,140.45447
340,368,hokkaido_sub_93,66.0,41.97239,140.707
341,369,hokkaido_sub_94,66.0,42.41211,140.942
342,370,hokkaido_sub_95,66.0,42.5798,140.97408
343,371,hokkaido_sub_96,66.0,42.51236,141.28116
344,372,hokkaido_sub_97@187,187.0,42.63489,141.55698
345,373,hokkaido_sub_97@66,66.0,42.63489,141.55698
346,374,hokkaido_sub_98@187,187.0,42.6595,141.66668
347,375,hokkaido_sub_98@66,66.0,42.6595,141.66668
348,376,hokkaido_sub_99,66.0,42.49977,143.27269
349,377,hokkaido_sub_100,66.0,42.70083,143.12885
350,378,hokkaido_sub_101@187,187.0,42.66253,141.66427
351,379,hokkaido_sub_101@66,66.0,42.66253,141.66427
352,380,hokkaido_sub_102,187.0,42.63884,141.66242
353,381,hokkaido_sub_103@275,275.0,42.71472,141.78071
354,382,hokkaido_sub_103@187,187.0,42.71472,141.78071
355,383,hokkaido_sub_103@66,66.0,42.71472,141.78071
356,384,hokkaido_sub_104,66.0,42.68467,141.75811
357,385,hokkaido_sub_105,187.0,42.59994,142.54761
358,386,hokkaido_sub_106,187.0,42.67823,142.59122
359,387,hokkaido_sub_107,187.0,42.56519,142.53544
360,388,hokkaido_sub_108,187.0,42.5104,142.51799
361,389,hokkaido_sub_109,66.0,42.41119,142.56539
362,390,hokkaido_sub_110@187,187.0,42.41213,142.56463
363,391,hokkaido_sub_110@66,66.0,42.41213,142.56463
364,392,hokkaido_sub_111,187.0,42.47673,142.5772
365,393,hokkaido_sub_112,66.0,42.027,143.14832
366,394,hokkaido_sub_113,66.0,42.12696,142.94426
367,395,hokkaido_sub_114,66.0,42.13785,142.91202
368,396,hokkaido_sub_115,66.0,42.6333,141.58747
369,397,hokkaido_sub_116,66.0,42.63608,141.58689
370,398,hokkaido_sub_117,66.0,42.64523,141.60825
371,399,hokkaido_sub_118,66.0,42.58157,141.93101
372,400,hokkaido_sub_119,66.0,42.70678,141.8825
373,401,hokkaido_sub_120,66.0,42.18067,142.7694
374,402,hokkaido_sub_121@66,66.0,42.52395,142.03384
375,403,hokkaido_sub_122,66.0,42.50194,142.45691
376,404,hokkaido_sub_123,66.0,42.34758,142.37262
377,405,hokkaido_sub_124,66.0,42.30126,142.45679
378,406,hokkaido_sub_125,66.0,42.25369,142.55228
379,407,hokkaido_sub_126,66.0,42.24511,142.62987
380,408,hokkaido_sub_127,275.0,42.61229,141.80371
381,409,hokkaido_sub_128@66,66.0,42.1286,142.94482
382,410,hokkaido_sub_129,66.0,42.42809,142.23774
383,411,hokkaido_sub_130,66.0,42.7259,142.29096
384,412,hokkaido_sub_131,66.0,42.41904,142.54614
385,413,hokkaido_sub_132,66.0,42.58073,142.12103
386,414,hokkaido_sub_133@187,187.0,42.6544,141.66783
387,415,hokkaido_sub_133@66,66.0,42.6544,141.66783
388,416,hokkaido_sub_134@187,187.0,42.63631,141.66389
389,417,hokkaido_sub_134@66,66.0,42.63631,141.66389
390,418,hokkaido_sub_135@187,187.0,42.63829,141.67863
391,419,hokkaido_sub_135@66,66.0,42.63829,141.67863
392,420,hokkaido_sub_136,66.0,42.6777,142.19908
393,421,hokkaido_sub_137,66.0,42.08014,143.03767
394,422,hokkaido_sub_138@187,187.0,42.64045,141.68986
395,423,hokkaido_sub_138@66,66.0,42.64045,141.68986
396,424,hokkaido_sub_139@187,187.0,42.67011,141.65983
397,425,hokkaido_sub_139@66,66.0,42.67011,141.65983
398,426,hokkaido_sub_140,187.0,42.66623,141.64524
399,427,hokkaido_sub_141,66.0,42.6711,141.74012
400,428,hokkaido_sub_142@275,275.0,42.65091,141.80224
401,429,hokkaido_sub_142@66,66.0,42.65091,141.80224
402,430,hokkaido_sub_143@275,275.0,42.64616,141.80081
403,431,hokkaido_sub_143@66,66.0,42.64616,141.80081
404,432,hokkaido_sub_144,66.0,42.61439,141.50248
405,433,hokkaido_sub_145@187,187.0,42.6554,141.66867
406,434,hokkaido_sub_145@66,66.0,42.6554,141.66867
407,436,hokkaido_sub_147,66.0,42.66339,141.68283
408,437,hokkaido_sub_148@187,187.0,42.64383,141.69849
409,438,hokkaido_sub_148@66,66.0,42.64383,141.69849
410,439,hokkaido_sub_149,66.0,42.63457,141.71856
411,440,hokkaido_sub_150,66.0,42.6325,141.68962
412,441,hokkaido_sub_151,66.0,42.29497,143.30514
413,443,hokkaido_sub_153@187,187.0,43.02259,141.41864
414,444,hokkaido_sub_153@66,66.0,43.02259,141.41864
415,447,hokkaido_sub_156@275,275.0,43.05743,141.22228
416,448,hokkaido_sub_156@187,187.0,43.05743,141.22228
417,449,hokkaido_sub_157,66.0,43.13064,141.20449
418,450,hokkaido_sub_158,66.0,43.15641,141.34495
419,451,hokkaido_sub_159@275,275.0,43.12109,141.28353
420,452,hokkaido_sub_159@187,187.0,43.12109,141.28353
421,453,hokkaido_sub_159@66,66.0,43.12109,141.28353
422,454,hokkaido_sub_160@275,275.0,43.23446,141.45073
423,455,hokkaido_sub_160@187,187.0,43.23446,141.45073
424,456,hokkaido_sub_161,187.0,43.15123,141.41155
425,457,hokkaido_sub_162,187.0,43.13851,141.3745
426,458,hokkaido_sub_163,187.0,43.03634,141.30544
427,459,hokkaido_sub_164,66.0,43.03204,141.41336
428,460,hokkaido_sub_165,66.0,43.01944,141.37074
429,461,hokkaido_sub_166@187,187.0,43.09273,141.40348
430,462,hokkaido_sub_166@66,66.0,43.09273,141.40348
431,463,hokkaido_sub_167,66.0,43.08872,141.30102
432,464,hokkaido_sub_168@187,187.0,43.13362,141.41622
433,465,hokkaido_sub_168@66,66.0,43.13362,141.41622
434,466,hokkaido_sub_169,66.0,43.13853,141.17008
435,467,hokkaido_sub_170,66.0,43.05897,141.40638
436,468,hokkaido_sub_171,66.0,43.19073,140.80124
437,469,hokkaido_sub_172@187,187.0,43.2045,140.95696
438,470,hokkaido_sub_172@66,66.0,43.2045,140.95696
439,471,hokkaido_sub_173,66.0,43.20601,140.98009
440,472,hokkaido_sub_174,66.0,43.13894,141.15075
441,473,hokkaido_sub_175,66.0,43.1064,141.28121
442,474,hokkaido_sub_176,66.0,43.10382,141.27811
443,475,hokkaido_sub_177,66.0,43.09637,141.28217
444,476,hokkaido_sub_178,66.0,43.10075,141.2749
445,477,hokkaido_sub_179@275,275.0,43.18047,141.30268
446,478,hokkaido_sub_179@66,66.0,43.18047,141.30268
447,479,hokkaido_sub_180@275,275.0,42.74335,141.03413
448,480,hokkaido_sub_180@187,187.0,42.74335,141.03413
449,482,hokkaido_sub_182,66.0,42.82267,140.68252
450,483,hokkaido_sub_183,66.0,42.82544,140.72138
451,484,hokkaido_sub_184,66.0,42.87878,140.85132
452,485,hokkaido_sub_185,66.0,42.80709,140.58665
453,486,hokkaido_sub_186,66.0,42.80602,140.89511
454,487,hokkaido_sub_187,66.0,43.07744,141.31523
455,490,hokkaido_sub_190,66.0,43.05059,141.38015
456,492,hokkaido_sub_192,66.0,43.1055,141.32458
457,496,hokkaido_sub_196,66.0,43.02854,141.45357
458,497,hokkaido_sub_197@275,275.0,42.74958,141.03537
459,498,hokkaido_sub_197@187,187.0,42.74958,141.03537
460,499,hokkaido_sub_198,66.0,43.20271,140.99814
461,500,hokkaido_sub_199,66.0,43.19314,140.9856
462,501,hokkaido_sub_200,66.0,42.98502,140.65702
463,502,hokkaido_sub_201,66.0,42.98899,140.52857
464,503,hokkaido_sub_202,66.0,43.05867,140.5212
465,505,hokkaido_sub_204,66.0,42.75175,140.29639
466,506,hokkaido_sub_205,66.0,43.17795,141.02321
467,507,hokkaido_sub_206@275,275.0,43.03971,140.51527
468,508,hokkaido_sub_206@66,66.0,43.03971,140.51527
469,509,hokkaido_sub_207,66.0,42.89741,140.74657
470,510,hokkaido_sub_208,66.0,43.25875,140.64148
471,512,hokkaido_sub_210,66.0,43.48021,141.3921
472,513,hokkaido_sub_211,66.0,43.39472,141.43788
473,514,hokkaido_sub_212,66.0,43.16351,141.27224
474,515,hokkaido_sub_213,66.0,43.16577,141.0529
475,516,hokkaido_sub_214@187,187.0,43.00958,141.44792
476,517,hokkaido_sub_214@66,66.0,43.00958,141.44792
477,518,hokkaido_sub_215,66.0,42.81859,140.5508
478,519,hokkaido_sub_216,66.0,42.86996,140.72447
479,520,hokkaido_sub_217,66.0,43.12512,141.24182
480,521,hokkaido_sub_218,275.0,43.19122,141.27694
481,522,hokkaido_sub_219,66.0,43.315,141.41853
482,523,hokkaido_sub_220,66.0,43.57825,141.38961
483,524,hokkaido_sub_221,66.0,43.51316,141.37309
484,525,hokkaido_sub_222,66.0,43.49302,141.37849
485,527,hokkaido_sub_225,66.0,44.09613,141.66676
486,528,hokkaido_sub_226@110,110.0,43.75321,142.38805
487,529,hokkaido_sub_226@66,66.0,43.75321,142.38805
488,530,hokkaido_sub_227@187,187.0,43.8058,142.32294
489,531,hokkaido_sub_227@66,66.0,43.8058,142.32294
490,533,hokkaido_sub_229,187.0,42.88194,141.79879
491,534,hokkaido_sub_230,187.0,43.25499,143.45738
492,535,hokkaido_sub_231@187,187.0,43.12137,141.5357
493,536,hokkaido_sub_231@66,66.0,43.12137,141.5357
494,537,hokkaido_sub_232@187,187.0,42.97607,143.15209
495,538,hokkaido_sub_232@66,66.0,42.97607,143.15209
496,539,hokkaido_sub_233,66.0,42.96563,143.20865
497,540,hokkaido_sub_234@187,187.0,43.7756,143.60032
498,541,hokkaido_sub_234@66,66.0,43.7756,143.60032
499,542,hokkaido_sub_235@187,187.0,43.22689,143.54627
500,543,hokkaido_sub_235@66,66.0,43.22689,143.54627
501,544,hokkaido_sub_236,66.0,43.79103,142.30993
502,545,hokkaido_sub_237@187,187.0,43.74078,142.34954
503,546,hokkaido_sub_237@66,66.0,43.74078,142.34954
504,547,hokkaido_sub_238,66.0,43.77384,142.39161
505,548,hokkaido_sub_239,66.0,43.80142,142.4374
506,549,hokkaido_sub_240,66.0,42.8532,143.18976
507,550,hokkaido_sub_241,66.0,42.89663,143.20774
508,551,hokkaido_sub_242,66.0,43.68136,143.60192
509,552,hokkaido_sub_243,66.0,43.15315,141.64547
510,553,hokkaido_sub_244@187,187.0,42.9316,141.60193
511,554,hokkaido_sub_244@66,66.0,42.9316,141.60193
512,555,hokkaido_sub_245,66.0,42.91541,141.5818
513,556,hokkaido_sub_246,66.0,42.97721,141.4803
514,557,hokkaido_sub_247,66.0,43.06695,141.47857
515,558,hokkaido_sub_248@66,66.0,43.20454,141.78417
516,559,hokkaido_sub_249,66.0,43.32752,141.87262
517,560,hokkaido_sub_250,66.0,43.11578,143.61325
518,561,hokkaido_sub_251@187,187.0,43.12022,143.54461
519,562,hokkaido_sub_251@66,66.0,43.12022,143.54461
520,563,hokkaido_sub_252,66.0,43.18539,143.59188
521,564,hokkaido_sub_253,66.0,44.15454,141.66683
522,565,hokkaido_sub_254,66.0,44.01597,141.66942
523,566,hokkaido_sub_255,66.0,43.06555,143.0266
524,567,hokkaido_sub_256,66.0,43.09629,143.00577
525,568,hokkaido_sub_257,66.0,43.09942,142.99296
526,569,hokkaido_sub_258,66.0,43.17046,143.24218
527,570,hokkaido_sub_259,187.0,43.42047,141.84289
528,571,hokkaido_sub_260,66.0,43.20722,141.7477
529,572,hokkaido_sub_261,66.0,43.32789,141.69897
530,573,hokkaido_sub_262,66.0,43.26033,141.82637
531,574,hokkaido_sub_263,66.0,42.86667,141.60487
532,575,hokkaido_sub_264,66.0,42.79019,141.61381
533,576,hokkaido_sub_265,66.0,43.41742,141.89
534,577,hokkaido_sub_266,66.0,43.21174,141.52014
535,578,hokkaido_sub_267,66.0,43.01333,141.69608
536,579,hokkaido_sub_268,66.0,43.08932,141.55325
537,580,hokkaido_sub_269,187.0,43.16236,142.90347
538,581,hokkaido_sub_270,66.0,44.02333,143.50924
539,582,hokkaido_sub_271,66.0,43.84102,142.79205
540,583,hokkaido_sub_272@110,110.0,43.80995,142.87094
541,584,hokkaido_sub_272@66,66.0,43.80995,142.87094
542,585,hokkaido_sub_273,66.0,43.8128,141.95227
543,586,hokkaido_sub_274,66.0,43.74143,142.00302
544,587,hokkaido_sub_275@187,187.0,42.92124,143.03359
545,588,hokkaido_sub_275@66,66.0,42.92124,143.03359
546,589,hokkaido_sub_276,66.0,42.91429,143.03393
547,590,hokkaido_sub_277,66.0,42.93954,143.14534
548,591,hokkaido_sub_278@187,187.0,43.18197,142.9252
549,592,hokkaido_sub_278@66,66.0,43.18197,142.9252
550,593,hokkaido_sub_279,66.0,42.99403,141.57725
551,594,hokkaido_sub_280,66.0,42.83351,141.63651
552,595,hokkaido_sub_281,66.0,43.25851,141.92788
553,596,hokkaido_sub_282,66.0,42.76115,141.81274
554,597,hokkaido_sub_283,66.0,43.19153,141.72831
555,598,hokkaido_sub_284,187.0,42.94577,142.61068
556,599,hokkaido_sub_285,187.0,43.34362,143.39323
557,600,hokkaido_sub_286,66.0,43.70749,142.48715
558,601,hokkaido_sub_287,66.0,44.01573,143.35203
559,603,hokkaido_sub_289,66.0,43.87528,143.17472
560,604,hokkaido_sub_290,66.0,43.24029,143.55072
561,605,hokkaido_sub_291,66.0,43.79927,142.34578
562,607,hokkaido_sub_293,66.0,43.54562,141.89708
563,608,hokkaido_sub_294,66.0,43.50134,141.99847
564,609,hokkaido_sub_295,66.0,43.58816,142.47551
565,610,hokkaido_sub_296,66.0,43.46616,142.46259
566,611,hokkaido_sub_297,66.0,43.33349,142.36974
567,612,hokkaido_sub_298,66.0,43.34933,142.38272
568,613,hokkaido_sub_299,66.0,43.25674,142.38227
569,614,hokkaido_sub_300,66.0,43.92219,142.08232
570,616,hokkaido_sub_302,66.0,44.10074,142.371
571,617,hokkaido_sub_303,66.0,43.84983,141.52704
572,618,hokkaido_sub_304,66.0,43.93212,141.65039
573,619,hokkaido_sub_305,66.0,43.05247,141.78008
574,620,hokkaido_sub_306,66.0,42.99765,143.19492
575,621,hokkaido_sub_307,66.0,43.09867,143.22263
576,622,hokkaido_sub_308,66.0,43.07778,142.83977
577,623,hokkaido_sub_309,66.0,43.02288,142.8953
578,624,hokkaido_sub_310,66.0,42.94169,142.94986
579,625,hokkaido_sub_311,66.0,42.92371,143.27058
580,626,hokkaido_sub_312,66.0,42.91195,143.36004
581,627,hokkaido_sub_313,66.0,42.93976,143.44713
582,628,hokkaido_sub_314,66.0,42.82328,143.54856
583,629,hokkaido_sub_315,66.0,42.89259,142.4669
584,630,hokkaido_sub_316,66.0,42.97492,142.414
585,631,hokkaido_sub_317,66.0,43.20617,141.76145
586,632,hokkaido_sub_318,187.0,43.36131,143.25426
587,633,hokkaido_sub_319,66.0,43.65218,142.58021
588,634,hokkaido_sub_320@187,187.0,43.12044,141.53182
589,635,hokkaido_sub_320@66,66.0,43.12044,141.53182
590,636,hokkaido_sub_321,66.0,44.11493,142.70471
591,637,hokkaido_sub_322,66.0,44.04213,142.7101
592,638,hokkaido_sub_323,66.0,44.12983,142.48416
593,639,hokkaido_sub_324,66.0,43.51307,142.20057
594,640,hokkaido_sub_325,66.0,43.53977,142.0772
595,641,hokkaido_sub_326@110,110.0,43.84086,142.7092
596,642,hokkaido_sub_326@66,66.0,43.84086,142.7092
597,643,hokkaido_sub_327,110.0,43.88243,142.65911
598,644,hokkaido_sub_328,66.0,43.13142,142.44052
599,645,hokkaido_sub_329,66.0,43.20157,142.41145
600,646,hokkaido_sub_330,66.0,43.15557,142.51286
601,647,hokkaido_sub_331,66.0,44.00433,143.4085
602,648,hokkaido_sub_332,66.0,42.76074,142.3718
603,649,hokkaido_sub_333@66,66.0,42.95122,141.80036
604,650,hokkaido_sub_334@66,66.0,42.97776,142.01004
605,651,hokkaido_sub_335@275,275.0,43.16411,142.90433
606,652,hokkaido_sub_335@187,187.0,43.16411,142.90433
607,653,hokkaido_sub_336,110.0,43.7521,142.93177
608,654,hokkaido_sub_337@187,187.0,43.5763,141.89057
609,655,hokkaido_sub_337@66,66.0,43.5763,141.89057
610,656,hokkaido_sub_338,66.0,43.48427,141.92534
611,657,hokkaido_sub_339,66.0,43.69985,141.96809
612,658,hokkaido_sub_340,66.0,43.53428,142.1743
613,659,hokkaido_sub_341,66.0,43.03124,141.96411
614,660,hokkaido_sub_342,66.0,43.01848,142.06351
615,661,hokkaido_sub_343,66.0,43.54853,141.86372
616,662,hokkaido_sub_344,66.0,44.07338,143.525
617,663,hokkaido_sub_345,66.0,43.71369,142.02226
618,664,hokkaido_sub_346,66.0,43.71491,142.02043
619,665,hokkaido_sub_347,66.0,43.69585,142.08638
620,666,hokkaido_sub_348,66.0,43.58079,141.91847
621,667,hokkaido_sub_349,66.0,43.61742,141.94784
622,668,hokkaido_sub_350,66.0,43.55462,141.92339
623,669,hokkaido_sub_351,66.0,43.45684,141.89804
624,670,hokkaido_sub_352,66.0,42.91116,141.57159
625,672,hokkaido_sub_354,110.0,43.84057,142.52212
626,673,hokkaido_sub_355,110.0,43.75374,142.41575
627,674,hokkaido_sub_356,66.0,42.82385,141.67912
628,675,hokkaido_sub_357,66.0,42.9536,141.49435
629,676,hokkaido_sub_358,187.0,43.81561,142.28082
630,677,hokkaido_sub_359,66.0,43.12131,141.53855
631,678,hokkaido_sub_362,66.0,42.83509,141.69942
632,679,hokkaido_sub_363,66.0,42.83569,141.69892
633,680,hokkaido_sub_364,66.0,42.84447,143.12992
634,681,hokkaido_sub_365,66.0,43.79271,142.39938
635,682,hokkaido_sub_366,187.0,43.35979,143.25506
636,683,hokkaido_sub_367,66.0,43.06126,141.62518
637,684,hokkaido_sub_368@187,187.0,43.83235,144.21693
638,685,hokkaido_sub_368@66,66.0,43.83235,144.21693
639,686,hokkaido_sub_369,66.0,43.32084,145.5774
640,687,hokkaido_sub_370,66.0,44.06351,144.99454
641,688,hokkaido_sub_371,66.0,43.24418,144.12626
642,689,hokkaido_sub_372,66.0,43.29165,144.09392
643,690,hokkaido_sub_373,66.0,43.10262,144.12273
644,691,hokkaido_sub_374,66.0,43.33561,144.11198
645,692,hokkaido_sub_375,66.0,43.43271,144.08704
646,693,hokkaido_sub_376,66.0,43.70997,144.02857
647,694,hokkaido_sub_377,66.0,44.01296,144.26295
648,695,hokkaido_sub_378,66.0,43.90585,144.18286
649,696,hokkaido_sub_379,66.0,42.89928,143.93856
650,697,hokkaido_sub_380,66.0,43.78387,143.85823
651,698,hokkaido_sub_381,66.0,44.10826,144.06231
652,699,hokkaido_sub_382@187,187.0,43.07753,144.155
653,700,hokkaido_sub_382@66,66.0,43.07753,144.155
654,701,hokkaido_sub_383,66.0,42.9759,144.06537
655,702,hokkaido_sub_384,66.0,42.98715,144.12768
656,703,hokkaido_sub_385,66.0,43.00378,144.21764
657,704,hokkaido_sub_386,66.0,43.32732,145.59453
658,705,hokkaido_sub_387,66.0,43.47772,144.46517
659,706,hokkaido_sub_388,66.0,43.00613,144.42734
660,707,hokkaido_sub_389@187,187.0,43.01064,144.44656
661,708,hokkaido_sub_389@66,66.0,43.01064,144.44656
662,709,hokkaido_sub_390,66.0,43.06154,144.81106
663,710,hokkaido_sub_391,66.0,43.01642,144.67096
664,711,hokkaido_sub_392,66.0,42.98436,144.41347
665,712,hokkaido_sub_393,66.0,42.96126,144.40938
666,713,hokkaido_sub_394,66.0,43.48725,144.79998
667,714,hokkaido_sub_395,66.0,44.0112,143.76629
668,715,hokkaido_sub_396,66.0,43.23775,145.5341
669,716,hokkaido_sub_397,66.0,43.81228,144.11929
670,717,hokkaido_sub_398,66.0,43.82795,144.13454
671,718,hokkaido_sub_399,66.0,43.54299,144.95761
672,719,hokkaido_sub_400,66.0,43.88198,145.08088
673,720,hokkaido_sub_401,66.0,43.85243,144.59324
674,721,hokkaido_sub_402,66.0,43.9015,144.6859
675,722,hokkaido_sub_403,66.0,43.79826,143.87347
676,723,hokkaido_sub_404,66.0,43.81519,143.91659
677,724,hokkaido_sub_405,66.0,43.80284,143.7585
678,725,hokkaido_sub_406,66.0,43.73327,143.74249
679,726,hokkaido_sub_407,66.0,43.47281,143.7389
680,727,hokkaido_sub_408,66.0,43.85006,144.28642
681,728,hokkaido_sub_409,66.0,43.86111,144.45974
682,729,hokkaido_sub_410,66.0,42.99039,144.38808
683,730,hokkaido_sub_411,66.0,43.01529,144.35197
684,731,hokkaido_sub_412,66.0,43.01146,144.3134
685,732,hokkaido_sub_413,66.0,43.69563,144.04622
686,733,hokkaido_sub_414@187,187.0,43.3967,144.80678
687,734,hokkaido_sub_414@66,66.0,43.3967,144.80678
688,735,hokkaido_sub_415,66.0,43.23355,145.24945
689,736,hokkaido_sub_416,66.0,43.38572,145.13224
690,737,hokkaido_sub_417,66.0,43.66103,145.12645
691,738,hokkaido_sub_418,66.0,43.15815,145.09756
692,740,hokkaido_sub_420,66.0,42.91096,143.96369
693,741,hokkaido_sub_421,66.0,42.91791,143.95875
694,742,hokkaido_sub_422,66.0,43.99302,144.27765
695,743,hokkaido_sub_423,66.0,43.7116,145.03699
696,744,hokkaido_sub_424,66.0,43.87993,144.65099
697,745,hokkaido_sub_425,66.0,42.81936,143.66088
698,746,hokkaido_sub_426,66.0,43.00011,144.20296
699,747,hokkaido_sub_427,66.0,42.96741,144.4378
700,748,hokkaido_sub_428,66.0,42.95756,144.47043
701,749,hokkaido_sub_429,66.0,44.3058,141.65537
702,750,hokkaido_sub_430,66.0,44.2524,141.66919
703,751,hokkaido_sub_431@110,110.0,45.38461,141.66866
704,752,hokkaido_sub_431@66,66.0,45.38461,141.66866
705,753,hokkaido_sub_432,66.0,44.36118,141.71128
706,754,hokkaido_sub_433@110,110.0,45.01784,141.85329
707,755,hokkaido_sub_433@66,66.0,45.01784,141.85329
708,756,hokkaido_sub_434,110.0,45.38637,141.72525
709,757,hokkaido_sub_435,110.0,44.84211,142.08191
710,758,hokkaido_sub_436@110,110.0,45.39774,141.68015
711,759,hokkaido_sub_436@66,66.0,45.39774,141.68015
712,760,hokkaido_sub_437,66.0,44.84033,142.46987
713,761,hokkaido_sub_438,66.0,44.97042,142.30103
714,762,hokkaido_sub_439,66.0,44.92637,142.57184
715,763,hokkaido_sub_440,66.0,44.51009,143.05693
716,764,hokkaido_sub_441,66.0,44.4657,143.11169
717,765,hokkaido_sub_442,66.0,44.34644,143.34831
718,766,hokkaido_sub_443,66.0,44.2442,143.26881
719,767,hokkaido_sub_444,66.0,44.19403,143.59877
720,768,hokkaido_sub_445,66.0,44.47971,142.3554
721,769,hokkaido_sub_446@110,110.0,44.30092,142.62371
722,770,hokkaido_sub_446@66,66.0,44.30092,142.62371
723,771,hokkaido_sub_447@110,110.0,44.33932,142.45588
724,772,hokkaido_sub_447@66,66.0,44.33932,142.45588
725,773,hokkaido_sub_448@187,187.0,44.34483,142.41859
726,774,hokkaido_sub_448@110,110.0,44.34483,142.41859
727,775,hokkaido_sub_449,66.0,44.16956,142.391
728,776,hokkaido_sub_450,66.0,45.20277,141.73758
729,777,hokkaido_sub_451,66.0,45.26322,142.19772
730,778,hokkaido_sub_452,66.0,45.11546,141.76774
731,779,hokkaido_sub_453@110,110.0,44.82925,142.29846
732,780,hokkaido_sub_453@66,66.0,44.82925,142.29846
733,781,hokkaido_sub_454,66.0,45.12139,142.3588
734,782,hokkaido_sub_455@187,187.0,44.83123,142.03423
735,783,hokkaido_sub_455@110,110.0,44.83123,142.03423
736,784,hokkaido_sub_456@187,187.0,45.19576,141.79703
737,785,hokkaido_sub_456@110,110.0,45.19576,141.79703
738,786,hokkaido_sub_457,110.0,45.2521,141.75365
739,787,hokkaido_sub_458,187.0,45.34813,141.80465
740,788,hokkaido_sub_459,66.0,45.11315,142.41291
741,789,hokkaido_sub_460,66.0,45.25952,141.90276
742,790,hokkaido_sub_461,110.0,44.69521,142.27689
743,792,hokkaido_sub_463,66.0,44.2994,142.18045
744,793,hokkaido_sub_464,66.0,45.36853,141.71955
745,794,hokkaido_sub_465,66.0,44.88384,141.75351
746,795,hokkaido_sub_466,66.0,44.72521,141.80328
747,796,hokkaido_sub_467,66.0,44.342,142.87052
748,797,hokkaido_sub_468,66.0,44.32887,142.95304
749,798,hokkaido_sub_469,66.0,44.195,143.07997
750,799,hokkaido_sub_470,66.0,44.57946,142.9603
751,800,tohoku_jct_41.8183:140.6134:66,66.0,41.81828,140.61344
752,801,tohoku_jct_41.5827:140.4237:187,187.0,41.58267,140.4237
